# Assembly,Level,WGS,BioSample,Family,Taxonomy,Gen,sp,sub,link,comando
GCA_963574245.1,Scaffold,CAUYOP000000000,SAMEA112482821,Cercopithecidae,Allenopithecus nigroviridis,Allenopithecus,nigroviridis,,https://www.ncbi.nlm.nih.gov/datasets/genome/GCA_963574245.1,"curl -OJX GET ""https://api.ncbi.nlm.nih.gov/datasets/v2alpha/genome/accession/GCA_963574245.1/download?include_annotation_type=GENOME_FASTA,GENOME_GFF,RNA_FASTA,CDS_FASTA,PROT_FASTA,SEQUENCE_REPORT&filename=GCA_963574245.1.zip"" -H ""Accept: application/zip"""
GCA_963574325.1,Scaffold,CAUYOZ000000000,SAMEA112482822,Cercopithecidae,Allochrocebus lhoesti,Allochrocebus,lhoesti,,https://www.ncbi.nlm.nih.gov/datasets/genome/GCA_963574325.1,"curl -OJX GET ""https://api.ncbi.nlm.nih.gov/datasets/v2alpha/genome/accession/GCA_963574325.1/download?include_annotation_type=GENOME_FASTA,GENOME_GFF,RNA_FASTA,CDS_FASTA,PROT_FASTA,SEQUENCE_REPORT&filename=GCA_963574325.1.zip"" -H ""Accept: application/zip"""
GCA_963574925.1,Scaffold,CAUYSH000000000,SAMEA112482823,Cercopithecidae,Allochrocebus preussi,Allochrocebus,preussi,,https://www.ncbi.nlm.nih.gov/datasets/genome/GCA_963574925.1,"curl -OJX GET ""https://api.ncbi.nlm.nih.gov/datasets/v2alpha/genome/accession/GCA_963574925.1/download?include_annotation_type=GENOME_FASTA,GENOME_GFF,RNA_FASTA,CDS_FASTA,PROT_FASTA,SEQUENCE_REPORT&filename=GCA_963574925.1.zip"" -H ""Accept: application/zip"""
GCA_963575195.1,Scaffold,CAUYTQ000000000,SAMEA112482824,Cercopithecidae,Allochrocebus solatus,Allochrocebus,solatus,,https://www.ncbi.nlm.nih.gov/datasets/genome/GCA_963575195.1,"curl -OJX GET ""https://api.ncbi.nlm.nih.gov/datasets/v2alpha/genome/accession/GCA_963575195.1/download?include_annotation_type=GENOME_FASTA,GENOME_GFF,RNA_FASTA,CDS_FASTA,PROT_FASTA,SEQUENCE_REPORT&filename=GCA_963575195.1.zip"" -H ""Accept: application/zip"""
GCA_963574145.1,Scaffold,CAUYOS000000000,SAMEA14464361,Atelidae,Alouatta belzebul,Alouatta,belzebul,,https://www.ncbi.nlm.nih.gov/datasets/genome/GCA_963574145.1,"curl -OJX GET ""https://api.ncbi.nlm.nih.gov/datasets/v2alpha/genome/accession/GCA_963574145.1/download?include_annotation_type=GENOME_FASTA,GENOME_GFF,RNA_FASTA,CDS_FASTA,PROT_FASTA,SEQUENCE_REPORT&filename=GCA_963574145.1.zip"" -H ""Accept: application/zip"""
GCA_963575095.1,Scaffold,CAUYTE000000000,SAMEA14464373,Atelidae,Alouatta belzebul,Alouatta,belzebul,,https://www.ncbi.nlm.nih.gov/datasets/genome/GCA_963575095.1,"curl -OJX GET ""https://api.ncbi.nlm.nih.gov/datasets/v2alpha/genome/accession/GCA_963575095.1/download?include_annotation_type=GENOME_FASTA,GENOME_GFF,RNA_FASTA,CDS_FASTA,PROT_FASTA,SEQUENCE_REPORT&filename=GCA_963575095.1.zip"" -H ""Accept: application/zip"""
GCA_963575295.1,Scaffold,CAUYUD000000000,SAMEA14464362,Atelidae,Alouatta caraya,Alouatta,caraya,,https://www.ncbi.nlm.nih.gov/datasets/genome/GCA_963575295.1,"curl -OJX GET ""https://api.ncbi.nlm.nih.gov/datasets/v2alpha/genome/accession/GCA_963575295.1/download?include_annotation_type=GENOME_FASTA,GENOME_GFF,RNA_FASTA,CDS_FASTA,PROT_FASTA,SEQUENCE_REPORT&filename=GCA_963575295.1.zip"" -H ""Accept: application/zip"""
GCA_963575205.1,Scaffold,CAUYTS000000000,SAMEA14464364,Atelidae,Alouatta discolor,Alouatta,discolor,,https://www.ncbi.nlm.nih.gov/datasets/genome/GCA_963575205.1,"curl -OJX GET ""https://api.ncbi.nlm.nih.gov/datasets/v2alpha/genome/accession/GCA_963575205.1/download?include_annotation_type=GENOME_FASTA,GENOME_GFF,RNA_FASTA,CDS_FASTA,PROT_FASTA,SEQUENCE_REPORT&filename=GCA_963575205.1.zip"" -H ""Accept: application/zip"""
GCA_963574365.1,Scaffold,CAUYPQ000000000,SAMEA14464366,Atelidae,Alouatta juara,Alouatta,juara,,https://www.ncbi.nlm.nih.gov/datasets/genome/GCA_963574365.1,"curl -OJX GET ""https://api.ncbi.nlm.nih.gov/datasets/v2alpha/genome/accession/GCA_963574365.1/download?include_annotation_type=GENOME_FASTA,GENOME_GFF,RNA_FASTA,CDS_FASTA,PROT_FASTA,SEQUENCE_REPORT&filename=GCA_963574365.1.zip"" -H ""Accept: application/zip"""
GCA_963573945.1,Scaffold,CAUYOE000000000,SAMEA14464368,Atelidae,Alouatta macconnelli,Alouatta,macconnelli,,https://www.ncbi.nlm.nih.gov/datasets/genome/GCA_963573945.1,"curl -OJX GET ""https://api.ncbi.nlm.nih.gov/datasets/v2alpha/genome/accession/GCA_963573945.1/download?include_annotation_type=GENOME_FASTA,GENOME_GFF,RNA_FASTA,CDS_FASTA,PROT_FASTA,SEQUENCE_REPORT&filename=GCA_963573945.1.zip"" -H ""Accept: application/zip"""
GCA_963573975.1,Scaffold,CAUYNI000000000,SAMEA14464375,Atelidae,Alouatta palliata,Alouatta,palliata,,https://www.ncbi.nlm.nih.gov/datasets/genome/GCA_963573975.1,"curl -OJX GET ""https://api.ncbi.nlm.nih.gov/datasets/v2alpha/genome/accession/GCA_963573975.1/download?include_annotation_type=GENOME_FASTA,GENOME_GFF,RNA_FASTA,CDS_FASTA,PROT_FASTA,SEQUENCE_REPORT&filename=GCA_963573975.1.zip"" -H ""Accept: application/zip"""
GCA_963573765.1,Scaffold,CAUYNS000000000,SAMEA14464382,Atelidae,Alouatta seniculus,Alouatta,seniculus,,https://www.ncbi.nlm.nih.gov/datasets/genome/GCA_963573765.1,"curl -OJX GET ""https://api.ncbi.nlm.nih.gov/datasets/v2alpha/genome/accession/GCA_963573765.1/download?include_annotation_type=GENOME_FASTA,GENOME_GFF,RNA_FASTA,CDS_FASTA,PROT_FASTA,SEQUENCE_REPORT&filename=GCA_963573765.1.zip"" -H ""Accept: application/zip"""
GCA_963574235.1,Scaffold,CAUYPB000000000,SAMEA14464376,Atelidae,Alouatta seniculus puruensis,Alouatta,seniculus,puruensis,https://www.ncbi.nlm.nih.gov/datasets/genome/GCA_963574235.1,"curl -OJX GET ""https://api.ncbi.nlm.nih.gov/datasets/v2alpha/genome/accession/GCA_963574235.1/download?include_annotation_type=GENOME_FASTA,GENOME_GFF,RNA_FASTA,CDS_FASTA,PROT_FASTA,SEQUENCE_REPORT&filename=GCA_963574235.1.zip"" -H ""Accept: application/zip"""
GCA_963573465.1,Scaffold,CAUYMR000000000,SAMEA112483266,Aotidae,Aotus azarai,Aotus,azarai,,https://www.ncbi.nlm.nih.gov/datasets/genome/GCA_963573465.1,"curl -OJX GET ""https://api.ncbi.nlm.nih.gov/datasets/v2alpha/genome/accession/GCA_963573465.1/download?include_annotation_type=GENOME_FASTA,GENOME_GFF,RNA_FASTA,CDS_FASTA,PROT_FASTA,SEQUENCE_REPORT&filename=GCA_963573465.1.zip"" -H ""Accept: application/zip"""
GCA_963574505.1,Scaffold,CAUYQJ000000000,SAMEA112483270,Aotidae,Aotus griseimembra,Aotus,griseimembra,,https://www.ncbi.nlm.nih.gov/datasets/genome/GCA_963574505.1,"curl -OJX GET ""https://api.ncbi.nlm.nih.gov/datasets/v2alpha/genome/accession/GCA_963574505.1/download?include_annotation_type=GENOME_FASTA,GENOME_GFF,RNA_FASTA,CDS_FASTA,PROT_FASTA,SEQUENCE_REPORT&filename=GCA_963574505.1.zip"" -H ""Accept: application/zip"""
GCA_963574785.1,Scaffold,CAUYRR000000000,SAMEA14464397,Aotidae,Aotus trivirgatus,Aotus,trivirgatus,,https://www.ncbi.nlm.nih.gov/datasets/genome/GCA_963574785.1,"curl -OJX GET ""https://api.ncbi.nlm.nih.gov/datasets/v2alpha/genome/accession/GCA_963574785.1/download?include_annotation_type=GENOME_FASTA,GENOME_GFF,RNA_FASTA,CDS_FASTA,PROT_FASTA,SEQUENCE_REPORT&filename=GCA_963574785.1.zip"" -H ""Accept: application/zip"""
GCA_963573775.1,Scaffold,CAUYMY000000000,SAMEA14464398,Aotidae,Aotus vociferans,Aotus,vociferans,,https://www.ncbi.nlm.nih.gov/datasets/genome/GCA_963573775.1,"curl -OJX GET ""https://api.ncbi.nlm.nih.gov/datasets/v2alpha/genome/accession/GCA_963573775.1/download?include_annotation_type=GENOME_FASTA,GENOME_GFF,RNA_FASTA,CDS_FASTA,PROT_FASTA,SEQUENCE_REPORT&filename=GCA_963573775.1.zip"" -H ""Accept: application/zip"""
GCA_963573935.1,Scaffold,CAUYON000000000,SAMEA112482903,Lorisidae,Arctocebus calabarensis,Arctocebus,calabarensis,,https://www.ncbi.nlm.nih.gov/datasets/genome/GCA_963573935.1,"curl -OJX GET ""https://api.ncbi.nlm.nih.gov/datasets/v2alpha/genome/accession/GCA_963573935.1/download?include_annotation_type=GENOME_FASTA,GENOME_GFF,RNA_FASTA,CDS_FASTA,PROT_FASTA,SEQUENCE_REPORT&filename=GCA_963573935.1.zip"" -H ""Accept: application/zip"""
GCA_963573605.1,Scaffold,CAUYMA000000000,SAMEA14464399,Atelidae,Ateles belzebuth,Ateles,belzebuth,,https://www.ncbi.nlm.nih.gov/datasets/genome/GCA_963573605.1,"curl -OJX GET ""https://api.ncbi.nlm.nih.gov/datasets/v2alpha/genome/accession/GCA_963573605.1/download?include_annotation_type=GENOME_FASTA,GENOME_GFF,RNA_FASTA,CDS_FASTA,PROT_FASTA,SEQUENCE_REPORT&filename=GCA_963573605.1.zip"" -H ""Accept: application/zip"""
GCA_963574935.1,Scaffold,CAUYSC000000000,SAMEA14464401,Atelidae,Ateles chamek,Ateles,chamek,,https://www.ncbi.nlm.nih.gov/datasets/genome/GCA_963574935.1,"curl -OJX GET ""https://api.ncbi.nlm.nih.gov/datasets/v2alpha/genome/accession/GCA_963574935.1/download?include_annotation_type=GENOME_FASTA,GENOME_GFF,RNA_FASTA,CDS_FASTA,PROT_FASTA,SEQUENCE_REPORT&filename=GCA_963574935.1.zip"" -H ""Accept: application/zip"""
GCA_963574205.1,Scaffold,CAUYNH000000000,SAMEA14464411,Atelidae,Ateles geoffroyi,Ateles,geoffroyi,,https://www.ncbi.nlm.nih.gov/datasets/genome/GCA_963574205.1,"curl -OJX GET ""https://api.ncbi.nlm.nih.gov/datasets/v2alpha/genome/accession/GCA_963574205.1/download?include_annotation_type=GENOME_FASTA,GENOME_GFF,RNA_FASTA,CDS_FASTA,PROT_FASTA,SEQUENCE_REPORT&filename=GCA_963574205.1.zip"" -H ""Accept: application/zip"""
GCA_963573555.1,Scaffold,CAUYME000000000,SAMEA14464412,Atelidae,Ateles marginatus,Ateles,marginatus,,https://www.ncbi.nlm.nih.gov/datasets/genome/GCA_963573555.1,"curl -OJX GET ""https://api.ncbi.nlm.nih.gov/datasets/v2alpha/genome/accession/GCA_963573555.1/download?include_annotation_type=GENOME_FASTA,GENOME_GFF,RNA_FASTA,CDS_FASTA,PROT_FASTA,SEQUENCE_REPORT&filename=GCA_963573555.1.zip"" -H ""Accept: application/zip"""
GCA_963573985.1,Scaffold,CAUYLY000000000,SAMEA14464413,Atelidae,Ateles paniscus,Ateles,paniscus,,https://www.ncbi.nlm.nih.gov/datasets/genome/GCA_963573985.1,"curl -OJX GET ""https://api.ncbi.nlm.nih.gov/datasets/v2alpha/genome/accession/GCA_963573985.1/download?include_annotation_type=GENOME_FASTA,GENOME_GFF,RNA_FASTA,CDS_FASTA,PROT_FASTA,SEQUENCE_REPORT&filename=GCA_963573985.1.zip"" -H ""Accept: application/zip"""
GCA_963575035.1,Scaffold,CAUYSK000000000,SAMEA112482904,Indriidae,Avahi laniger,Avahi,laniger,,https://www.ncbi.nlm.nih.gov/datasets/genome/GCA_963575035.1,"curl -OJX GET ""https://api.ncbi.nlm.nih.gov/datasets/v2alpha/genome/accession/GCA_963575035.1/download?include_annotation_type=GENOME_FASTA,GENOME_GFF,RNA_FASTA,CDS_FASTA,PROT_FASTA,SEQUENCE_REPORT&filename=GCA_963575035.1.zip"" -H ""Accept: application/zip"""
GCA_963573525.1,Scaffold,CAUYOX000000000,SAMEA112482905,Indriidae,Avahi peyrierasi,Avahi,peyrierasi,,https://www.ncbi.nlm.nih.gov/datasets/genome/GCA_963573525.1,"curl -OJX GET ""https://api.ncbi.nlm.nih.gov/datasets/v2alpha/genome/accession/GCA_963573525.1/download?include_annotation_type=GENOME_FASTA,GENOME_GFF,RNA_FASTA,CDS_FASTA,PROT_FASTA,SEQUENCE_REPORT&filename=GCA_963573525.1.zip"" -H ""Accept: application/zip"""
GCA_963573425.1,Scaffold,CAUYLE000000000,SAMEA14464415,Pitheciidae,Cacajao ayresi,Cacajao,ayresi,,https://www.ncbi.nlm.nih.gov/datasets/genome/GCA_963573425.1,"curl -OJX GET ""https://api.ncbi.nlm.nih.gov/datasets/v2alpha/genome/accession/GCA_963573425.1/download?include_annotation_type=GENOME_FASTA,GENOME_GFF,RNA_FASTA,CDS_FASTA,PROT_FASTA,SEQUENCE_REPORT&filename=GCA_963573425.1.zip"" -H ""Accept: application/zip"""
GCA_963573955.1,Scaffold,CAUYLL000000000,SAMEA14464418,Pitheciidae,Cacajao calvus,Cacajao,calvus,,https://www.ncbi.nlm.nih.gov/datasets/genome/GCA_963573955.1,"curl -OJX GET ""https://api.ncbi.nlm.nih.gov/datasets/v2alpha/genome/accession/GCA_963573955.1/download?include_annotation_type=GENOME_FASTA,GENOME_GFF,RNA_FASTA,CDS_FASTA,PROT_FASTA,SEQUENCE_REPORT&filename=GCA_963573955.1.zip"" -H ""Accept: application/zip"""
GCA_963573795.1,Scaffold,CAUYLF000000000,SAMEA14464437,Pitheciidae,Cacajao hosomi,Cacajao,hosomi,,https://www.ncbi.nlm.nih.gov/datasets/genome/GCA_963573795.1,"curl -OJX GET ""https://api.ncbi.nlm.nih.gov/datasets/v2alpha/genome/accession/GCA_963573795.1/download?include_annotation_type=GENOME_FASTA,GENOME_GFF,RNA_FASTA,CDS_FASTA,PROT_FASTA,SEQUENCE_REPORT&filename=GCA_963573795.1.zip"" -H ""Accept: application/zip"""
GCA_963573385.1,Scaffold,CAUYLG000000000,SAMEA14464439,Pitheciidae,Cacajao melanocephalus,Cacajao,melanocephalus,,https://www.ncbi.nlm.nih.gov/datasets/genome/GCA_963573385.1,"curl -OJX GET ""https://api.ncbi.nlm.nih.gov/datasets/v2alpha/genome/accession/GCA_963573385.1/download?include_annotation_type=GENOME_FASTA,GENOME_GFF,RNA_FASTA,CDS_FASTA,PROT_FASTA,SEQUENCE_REPORT&filename=GCA_963573385.1.zip"" -H ""Accept: application/zip"""
GCA_963573925.1,Scaffold,CAUYOR000000000,SAMEA112482891,Callitrichidae,Callimico goeldii,Callimico,goeldii,,https://www.ncbi.nlm.nih.gov/datasets/genome/GCA_963573925.1,"curl -OJX GET ""https://api.ncbi.nlm.nih.gov/datasets/v2alpha/genome/accession/GCA_963573925.1/download?include_annotation_type=GENOME_FASTA,GENOME_GFF,RNA_FASTA,CDS_FASTA,PROT_FASTA,SEQUENCE_REPORT&filename=GCA_963573925.1.zip"" -H ""Accept: application/zip"""
GCA_963573515.1,Scaffold,CAUYPX000000000,SAMN03275523,Callitrichidae,Callithrix geoffroyi,Callithrix,geoffroyi,,https://www.ncbi.nlm.nih.gov/datasets/genome/GCA_963573515.1,"curl -OJX GET ""https://api.ncbi.nlm.nih.gov/datasets/v2alpha/genome/accession/GCA_963573515.1/download?include_annotation_type=GENOME_FASTA,GENOME_GFF,RNA_FASTA,CDS_FASTA,PROT_FASTA,SEQUENCE_REPORT&filename=GCA_963573515.1.zip"" -H ""Accept: application/zip"""
GCA_963573495.1,Scaffold,CAUYPT000000000,SAMN03275522,Callitrichidae,Callithrix kuhlii,Callithrix,kuhlii,,https://www.ncbi.nlm.nih.gov/datasets/genome/GCA_963573495.1,"curl -OJX GET ""https://api.ncbi.nlm.nih.gov/datasets/v2alpha/genome/accession/GCA_963573495.1/download?include_annotation_type=GENOME_FASTA,GENOME_GFF,RNA_FASTA,CDS_FASTA,PROT_FASTA,SEQUENCE_REPORT&filename=GCA_963573495.1.zip"" -H ""Accept: application/zip"""
GCA_963575025.1,Scaffold,CAUYSN000000000,SAMEA14464442,Callitrichidae,Cebuella niveiventris,Cebuella,niveiventris,,https://www.ncbi.nlm.nih.gov/datasets/genome/GCA_963575025.1,"curl -OJX GET ""https://api.ncbi.nlm.nih.gov/datasets/v2alpha/genome/accession/GCA_963575025.1/download?include_annotation_type=GENOME_FASTA,GENOME_GFF,RNA_FASTA,CDS_FASTA,PROT_FASTA,SEQUENCE_REPORT&filename=GCA_963575025.1.zip"" -H ""Accept: application/zip"""
GCA_963575105.1,Scaffold,CAUYSX000000000,SAMEA14464444,Callitrichidae,Cebuella pygmaea,Cebuella,pygmaea,,https://www.ncbi.nlm.nih.gov/datasets/genome/GCA_963575105.1,"curl -OJX GET ""https://api.ncbi.nlm.nih.gov/datasets/v2alpha/genome/accession/GCA_963575105.1/download?include_annotation_type=GENOME_FASTA,GENOME_GFF,RNA_FASTA,CDS_FASTA,PROT_FASTA,SEQUENCE_REPORT&filename=GCA_963575105.1.zip"" -H ""Accept: application/zip"""
GCA_963574745.1,Scaffold,CAUYRM000000000,SAMEA14464448,Cebidae,Cebus olivaceus,Cebus,olivaceus,,https://www.ncbi.nlm.nih.gov/datasets/genome/GCA_963574745.1,"curl -OJX GET ""https://api.ncbi.nlm.nih.gov/datasets/v2alpha/genome/accession/GCA_963574745.1/download?include_annotation_type=GENOME_FASTA,GENOME_GFF,RNA_FASTA,CDS_FASTA,PROT_FASTA,SEQUENCE_REPORT&filename=GCA_963574745.1.zip"" -H ""Accept: application/zip"""
GCA_963574255.1,Scaffold,CAUYOW000000000,SAMEA14464450,Cebidae,Cebus unicolor,Cebus,unicolor,,https://www.ncbi.nlm.nih.gov/datasets/genome/GCA_963574255.1,"curl -OJX GET ""https://api.ncbi.nlm.nih.gov/datasets/v2alpha/genome/accession/GCA_963574255.1/download?include_annotation_type=GENOME_FASTA,GENOME_GFF,RNA_FASTA,CDS_FASTA,PROT_FASTA,SEQUENCE_REPORT&filename=GCA_963574255.1.zip"" -H ""Accept: application/zip"""
GCA_963574495.1,Scaffold,CAUYQM000000000,SAMEA112483157,Tarsiidae,Cephalopachus bancanus,Cephalopachus,bancanus,,https://www.ncbi.nlm.nih.gov/datasets/genome/GCA_963574495.1,"curl -OJX GET ""https://api.ncbi.nlm.nih.gov/datasets/v2alpha/genome/accession/GCA_963574495.1/download?include_annotation_type=GENOME_FASTA,GENOME_GFF,RNA_FASTA,CDS_FASTA,PROT_FASTA,SEQUENCE_REPORT&filename=GCA_963574495.1.zip"" -H ""Accept: application/zip"""
GCA_963573365.1,Scaffold,CAUYMV000000000,SAMEA112482900,Cercopithecidae,Cercocebus atys lunulatus,Cercocebus,atys,lunulatus,https://www.ncbi.nlm.nih.gov/datasets/genome/GCA_963573365.1,"curl -OJX GET ""https://api.ncbi.nlm.nih.gov/datasets/v2alpha/genome/accession/GCA_963573365.1/download?include_annotation_type=GENOME_FASTA,GENOME_GFF,RNA_FASTA,CDS_FASTA,PROT_FASTA,SEQUENCE_REPORT&filename=GCA_963573365.1.zip"" -H ""Accept: application/zip"""
GCA_963574065.1,Scaffold,CAUYNG000000000,SAMEA112482861,Cercopithecidae,Cercocebus chrysogaster,Cercocebus,chrysogaster,,https://www.ncbi.nlm.nih.gov/datasets/genome/GCA_963574065.1,"curl -OJX GET ""https://api.ncbi.nlm.nih.gov/datasets/v2alpha/genome/accession/GCA_963574065.1/download?include_annotation_type=GENOME_FASTA,GENOME_GFF,RNA_FASTA,CDS_FASTA,PROT_FASTA,SEQUENCE_REPORT&filename=GCA_963574065.1.zip"" -H ""Accept: application/zip"""
GCA_963574135.1,Scaffold,CAUYOL000000000,SAMEA112483009,Cercopithecidae,Cercocebus torquatus,Cercocebus,torquatus,,https://www.ncbi.nlm.nih.gov/datasets/genome/GCA_963574135.1,"curl -OJX GET ""https://api.ncbi.nlm.nih.gov/datasets/v2alpha/genome/accession/GCA_963574135.1/download?include_annotation_type=GENOME_FASTA,GENOME_GFF,RNA_FASTA,CDS_FASTA,PROT_FASTA,SEQUENCE_REPORT&filename=GCA_963574135.1.zip"" -H ""Accept: application/zip"""
GCA_963574115.1,Scaffold,CAUYPR000000000,SAMEA112482825,Cercopithecidae,Cercopithecus ascanius,Cercopithecus,ascanius,,https://www.ncbi.nlm.nih.gov/datasets/genome/GCA_963574115.1,"curl -OJX GET ""https://api.ncbi.nlm.nih.gov/datasets/v2alpha/genome/accession/GCA_963574115.1/download?include_annotation_type=GENOME_FASTA,GENOME_GFF,RNA_FASTA,CDS_FASTA,PROT_FASTA,SEQUENCE_REPORT&filename=GCA_963574115.1.zip"" -H ""Accept: application/zip"""
GCA_963574615.1,Scaffold,CAUYRC000000000,SAMEA112482836,Cercopithecidae,Cercopithecus campbelli lowei,Cercopithecus,campbelli,lowei,https://www.ncbi.nlm.nih.gov/datasets/genome/GCA_963574615.1,"curl -OJX GET ""https://api.ncbi.nlm.nih.gov/datasets/v2alpha/genome/accession/GCA_963574615.1/download?include_annotation_type=GENOME_FASTA,GENOME_GFF,RNA_FASTA,CDS_FASTA,PROT_FASTA,SEQUENCE_REPORT&filename=GCA_963574615.1.zip"" -H ""Accept: application/zip"""
GCA_963575225.1,Scaffold,CAUYUF000000000,SAMEA112482834,Cercopithecidae,Cercopithecus cephus,Cercopithecus,cephus,,https://www.ncbi.nlm.nih.gov/datasets/genome/GCA_963575225.1,"curl -OJX GET ""https://api.ncbi.nlm.nih.gov/datasets/v2alpha/genome/accession/GCA_963575225.1/download?include_annotation_type=GENOME_FASTA,GENOME_GFF,RNA_FASTA,CDS_FASTA,PROT_FASTA,SEQUENCE_REPORT&filename=GCA_963575225.1.zip"" -H ""Accept: application/zip"""
GCA_963574765.1,Scaffold,CAUYRX000000000,SAMEA112482852,Cercopithecidae,Cercopithecus diana,Cercopithecus,diana,,https://www.ncbi.nlm.nih.gov/datasets/genome/GCA_963574765.1,"curl -OJX GET ""https://api.ncbi.nlm.nih.gov/datasets/v2alpha/genome/accession/GCA_963574765.1/download?include_annotation_type=GENOME_FASTA,GENOME_GFF,RNA_FASTA,CDS_FASTA,PROT_FASTA,SEQUENCE_REPORT&filename=GCA_963574765.1.zip"" -H ""Accept: application/zip"""
GCA_963574815.1,Scaffold,CAUYRU000000000,SAMEA112482853,Cercopithecidae,Cercopithecus hamlyni,Cercopithecus,hamlyni,,https://www.ncbi.nlm.nih.gov/datasets/genome/GCA_963574815.1,"curl -OJX GET ""https://api.ncbi.nlm.nih.gov/datasets/v2alpha/genome/accession/GCA_963574815.1/download?include_annotation_type=GENOME_FASTA,GENOME_GFF,RNA_FASTA,CDS_FASTA,PROT_FASTA,SEQUENCE_REPORT&filename=GCA_963574815.1.zip"" -H ""Accept: application/zip"""
GCA_963574685.1,Scaffold,CAUYQZ000000000,SAMEA112482851,Cercopithecidae,Cercopithecus neglectus,Cercopithecus,neglectus,,https://www.ncbi.nlm.nih.gov/datasets/genome/GCA_963574685.1,"curl -OJX GET ""https://api.ncbi.nlm.nih.gov/datasets/v2alpha/genome/accession/GCA_963574685.1/download?include_annotation_type=GENOME_FASTA,GENOME_GFF,RNA_FASTA,CDS_FASTA,PROT_FASTA,SEQUENCE_REPORT&filename=GCA_963574685.1.zip"" -H ""Accept: application/zip"""
GCA_963575045.1,Scaffold,CAUYSU000000000,SAMEA112482826,Cercopithecidae,Cercopithecus nictitans,Cercopithecus,nictitans,,https://www.ncbi.nlm.nih.gov/datasets/genome/GCA_963575045.1,"curl -OJX GET ""https://api.ncbi.nlm.nih.gov/datasets/v2alpha/genome/accession/GCA_963575045.1/download?include_annotation_type=GENOME_FASTA,GENOME_GFF,RNA_FASTA,CDS_FASTA,PROT_FASTA,SEQUENCE_REPORT&filename=GCA_963575045.1.zip"" -H ""Accept: application/zip"""
GCA_963575065.1,Scaffold,CAUYSW000000000,SAMEA112482866,Cercopithecidae,Cercopithecus petaurista,Cercopithecus,petaurista,,https://www.ncbi.nlm.nih.gov/datasets/genome/GCA_963575065.1,"curl -OJX GET ""https://api.ncbi.nlm.nih.gov/datasets/v2alpha/genome/accession/GCA_963575065.1/download?include_annotation_type=GENOME_FASTA,GENOME_GFF,RNA_FASTA,CDS_FASTA,PROT_FASTA,SEQUENCE_REPORT&filename=GCA_963575065.1.zip"" -H ""Accept: application/zip"""
GCA_963575055.1,Scaffold,CAUYSS000000000,SAMEA112482867,Cercopithecidae,Cercopithecus pogonias,Cercopithecus,pogonias,,https://www.ncbi.nlm.nih.gov/datasets/genome/GCA_963575055.1,"curl -OJX GET ""https://api.ncbi.nlm.nih.gov/datasets/v2alpha/genome/accession/GCA_963575055.1/download?include_annotation_type=GENOME_FASTA,GENOME_GFF,RNA_FASTA,CDS_FASTA,PROT_FASTA,SEQUENCE_REPORT&filename=GCA_963575055.1.zip"" -H ""Accept: application/zip"""
GCA_963573595.1,Scaffold,CAUYNT000000000,SAMEA112482868,Cercopithecidae,Cercopithecus roloway,Cercopithecus,roloway,,https://www.ncbi.nlm.nih.gov/datasets/genome/GCA_963573595.1,"curl -OJX GET ""https://api.ncbi.nlm.nih.gov/datasets/v2alpha/genome/accession/GCA_963573595.1/download?include_annotation_type=GENOME_FASTA,GENOME_GFF,RNA_FASTA,CDS_FASTA,PROT_FASTA,SEQUENCE_REPORT&filename=GCA_963573595.1.zip"" -H ""Accept: application/zip"""
GCA_963574435.1,Scaffold,CAUYPO000000000,SAMEA112483134,Cheirogaleidae,Cheirogaleus major,Cheirogaleus,major,,https://www.ncbi.nlm.nih.gov/datasets/genome/GCA_963574435.1,"curl -OJX GET ""https://api.ncbi.nlm.nih.gov/datasets/v2alpha/genome/accession/GCA_963574435.1/download?include_annotation_type=GENOME_FASTA,GENOME_GFF,RNA_FASTA,CDS_FASTA,PROT_FASTA,SEQUENCE_REPORT&filename=GCA_963574435.1.zip"" -H ""Accept: application/zip"""
GCA_963574425.1,Scaffold,CAUYOY000000000,SAMEA112483135,Cheirogaleidae,Cheirogaleus medius,Cheirogaleus,medius,,https://www.ncbi.nlm.nih.gov/datasets/genome/GCA_963574425.1,"curl -OJX GET ""https://api.ncbi.nlm.nih.gov/datasets/v2alpha/genome/accession/GCA_963574425.1/download?include_annotation_type=GENOME_FASTA,GENOME_GFF,RNA_FASTA,CDS_FASTA,PROT_FASTA,SEQUENCE_REPORT&filename=GCA_963574425.1.zip"" -H ""Accept: application/zip"""
GCA_963573755.1,Scaffold,CAUYMD000000000,SAMEA14464454,Pitheciidae,Cheracebus lucifer,Cheracebus,lucifer,,https://www.ncbi.nlm.nih.gov/datasets/genome/GCA_963573755.1,"curl -OJX GET ""https://api.ncbi.nlm.nih.gov/datasets/v2alpha/genome/accession/GCA_963573755.1/download?include_annotation_type=GENOME_FASTA,GENOME_GFF,RNA_FASTA,CDS_FASTA,PROT_FASTA,SEQUENCE_REPORT&filename=GCA_963573755.1.zip"" -H ""Accept: application/zip"""
GCA_963574535.1,Scaffold,CAUYQK000000000,SAMEA14464458,Pitheciidae,Cheracebus lugens,Cheracebus,lugens,,https://www.ncbi.nlm.nih.gov/datasets/genome/GCA_963574535.1,"curl -OJX GET ""https://api.ncbi.nlm.nih.gov/datasets/v2alpha/genome/accession/GCA_963574535.1/download?include_annotation_type=GENOME_FASTA,GENOME_GFF,RNA_FASTA,CDS_FASTA,PROT_FASTA,SEQUENCE_REPORT&filename=GCA_963574535.1.zip"" -H ""Accept: application/zip"""
GCA_963574635.1,Scaffold,CAUYQU000000000,SAMEA14464466,Pitheciidae,Cheracebus regulus,Cheracebus,regulus,,https://www.ncbi.nlm.nih.gov/datasets/genome/GCA_963574635.1,"curl -OJX GET ""https://api.ncbi.nlm.nih.gov/datasets/v2alpha/genome/accession/GCA_963574635.1/download?include_annotation_type=GENOME_FASTA,GENOME_GFF,RNA_FASTA,CDS_FASTA,PROT_FASTA,SEQUENCE_REPORT&filename=GCA_963574635.1.zip"" -H ""Accept: application/zip"""
GCA_963574645.1,Scaffold,CAUYQX000000000,SAMEA14464468,Pitheciidae,Cheracebus torquatus,Cheracebus,torquatus,,https://www.ncbi.nlm.nih.gov/datasets/genome/GCA_963574645.1,"curl -OJX GET ""https://api.ncbi.nlm.nih.gov/datasets/v2alpha/genome/accession/GCA_963574645.1/download?include_annotation_type=GENOME_FASTA,GENOME_GFF,RNA_FASTA,CDS_FASTA,PROT_FASTA,SEQUENCE_REPORT&filename=GCA_963574645.1.zip"" -H ""Accept: application/zip"""
GCA_963574175.1,Scaffold,CAUYNN000000000,SAMEA14464477,Pitheciidae,Chiropotes chiropotes sagulata,Chiropotes,chiropotes,sagulata,https://www.ncbi.nlm.nih.gov/datasets/genome/GCA_963574175.1,"curl -OJX GET ""https://api.ncbi.nlm.nih.gov/datasets/v2alpha/genome/accession/GCA_963574175.1/download?include_annotation_type=GENOME_FASTA,GENOME_GFF,RNA_FASTA,CDS_FASTA,PROT_FASTA,SEQUENCE_REPORT&filename=GCA_963574175.1.zip"" -H ""Accept: application/zip"""
GCA_963573965.1,Scaffold,CAUYLM000000000,SAMEA14464473,Pitheciidae,Chiropotes israelita,Chiropotes,israelita,,https://www.ncbi.nlm.nih.gov/datasets/genome/GCA_963573965.1,"curl -OJX GET ""https://api.ncbi.nlm.nih.gov/datasets/v2alpha/genome/accession/GCA_963573965.1/download?include_annotation_type=GENOME_FASTA,GENOME_GFF,RNA_FASTA,CDS_FASTA,PROT_FASTA,SEQUENCE_REPORT&filename=GCA_963573965.1.zip"" -H ""Accept: application/zip"""
GCA_963575115.1,Scaffold,CAUYTG000000000,SAMEA112482931,Cercopithecidae,Chlorocebus pygerythrus,Chlorocebus,pygerythrus,,https://www.ncbi.nlm.nih.gov/datasets/genome/GCA_963575115.1,"curl -OJX GET ""https://api.ncbi.nlm.nih.gov/datasets/v2alpha/genome/accession/GCA_963575115.1/download?include_annotation_type=GENOME_FASTA,GENOME_GFF,RNA_FASTA,CDS_FASTA,PROT_FASTA,SEQUENCE_REPORT&filename=GCA_963575115.1.zip"" -H ""Accept: application/zip"""
GCA_963574725.1,Scaffold,CAUYRQ000000000,SAMEA112482848,Cercopithecidae,Colobus polykomos,Colobus,polykomos,,https://www.ncbi.nlm.nih.gov/datasets/genome/GCA_963574725.1,"curl -OJX GET ""https://api.ncbi.nlm.nih.gov/datasets/v2alpha/genome/accession/GCA_963574725.1/download?include_annotation_type=GENOME_FASTA,GENOME_GFF,RNA_FASTA,CDS_FASTA,PROT_FASTA,SEQUENCE_REPORT&filename=GCA_963574725.1.zip"" -H ""Accept: application/zip"""
GCA_963573435.1,Scaffold,CAUYNE000000000,SAMEA112482907,Lemuridae,Eulemur albifrons,Eulemur,albifrons,,https://www.ncbi.nlm.nih.gov/datasets/genome/GCA_963573435.1,"curl -OJX GET ""https://api.ncbi.nlm.nih.gov/datasets/v2alpha/genome/accession/GCA_963573435.1/download?include_annotation_type=GENOME_FASTA,GENOME_GFF,RNA_FASTA,CDS_FASTA,PROT_FASTA,SEQUENCE_REPORT&filename=GCA_963573435.1.zip"" -H ""Accept: application/zip"""
GCA_963574965.1,Scaffold,CAUYSG000000000,SAMEA112482909,Lemuridae,Eulemur coronatus,Eulemur,coronatus,,https://www.ncbi.nlm.nih.gov/datasets/genome/GCA_963574965.1,"curl -OJX GET ""https://api.ncbi.nlm.nih.gov/datasets/v2alpha/genome/accession/GCA_963574965.1/download?include_annotation_type=GENOME_FASTA,GENOME_GFF,RNA_FASTA,CDS_FASTA,PROT_FASTA,SEQUENCE_REPORT&filename=GCA_963574965.1.zip"" -H ""Accept: application/zip"""
GCA_963574995.1,Scaffold,CAUYSF000000000,SAMEA112482910,Lemuridae,Eulemur flavifrons,Eulemur,flavifrons,,https://www.ncbi.nlm.nih.gov/datasets/genome/GCA_963574995.1,"curl -OJX GET ""https://api.ncbi.nlm.nih.gov/datasets/v2alpha/genome/accession/GCA_963574995.1/download?include_annotation_type=GENOME_FASTA,GENOME_GFF,RNA_FASTA,CDS_FASTA,PROT_FASTA,SEQUENCE_REPORT&filename=GCA_963574995.1.zip"" -H ""Accept: application/zip"""
GCA_963575015.1,Scaffold,CAUYSJ000000000,SAMEA112482908,Lemuridae,Eulemur fulvus collaris,Eulemur,fulvus,collaris,https://www.ncbi.nlm.nih.gov/datasets/genome/GCA_963575015.1,"curl -OJX GET ""https://api.ncbi.nlm.nih.gov/datasets/v2alpha/genome/accession/GCA_963575015.1/download?include_annotation_type=GENOME_FASTA,GENOME_GFF,RNA_FASTA,CDS_FASTA,PROT_FASTA,SEQUENCE_REPORT&filename=GCA_963575015.1.zip"" -H ""Accept: application/zip"""
GCA_963573725.1,Scaffold,CAUYNA000000000,SAMEA112483142,Lemuridae,Eulemur fulvus,Eulemur,fulvus,,https://www.ncbi.nlm.nih.gov/datasets/genome/GCA_963573725.1,"curl -OJX GET ""https://api.ncbi.nlm.nih.gov/datasets/v2alpha/genome/accession/GCA_963573725.1/download?include_annotation_type=GENOME_FASTA,GENOME_GFF,RNA_FASTA,CDS_FASTA,PROT_FASTA,SEQUENCE_REPORT&filename=GCA_963573725.1.zip"" -H ""Accept: application/zip"""
GCA_963574945.1,Scaffold,CAUYSD000000000,SAMEA112482911,Lemuridae,Eulemur macaco,Eulemur,macaco,,https://www.ncbi.nlm.nih.gov/datasets/genome/GCA_963574945.1,"curl -OJX GET ""https://api.ncbi.nlm.nih.gov/datasets/v2alpha/genome/accession/GCA_963574945.1/download?include_annotation_type=GENOME_FASTA,GENOME_GFF,RNA_FASTA,CDS_FASTA,PROT_FASTA,SEQUENCE_REPORT&filename=GCA_963574945.1.zip"" -H ""Accept: application/zip"""
GCA_963574475.1,Scaffold,CAUYPH000000000,SAMEA112483144,Lemuridae,Eulemur mongoz,Eulemur,mongoz,,https://www.ncbi.nlm.nih.gov/datasets/genome/GCA_963574475.1,"curl -OJX GET ""https://api.ncbi.nlm.nih.gov/datasets/v2alpha/genome/accession/GCA_963574475.1/download?include_annotation_type=GENOME_FASTA,GENOME_GFF,RNA_FASTA,CDS_FASTA,PROT_FASTA,SEQUENCE_REPORT&filename=GCA_963574475.1.zip"" -H ""Accept: application/zip"""
GCA_963574895.1,Scaffold,CAUYRY000000000,SAMEA112483145,Lemuridae,Eulemur rubriventer,Eulemur,rubriventer,,https://www.ncbi.nlm.nih.gov/datasets/genome/GCA_963574895.1,"curl -OJX GET ""https://api.ncbi.nlm.nih.gov/datasets/v2alpha/genome/accession/GCA_963574895.1/download?include_annotation_type=GENOME_FASTA,GENOME_GFF,RNA_FASTA,CDS_FASTA,PROT_FASTA,SEQUENCE_REPORT&filename=GCA_963574895.1.zip"" -H ""Accept: application/zip"""
GCA_963574465.1,Scaffold,CAUYPP000000000,SAMEA112483146,Lemuridae,Eulemur rufus,Eulemur,rufus,,https://www.ncbi.nlm.nih.gov/datasets/genome/GCA_963574465.1,"curl -OJX GET ""https://api.ncbi.nlm.nih.gov/datasets/v2alpha/genome/accession/GCA_963574465.1/download?include_annotation_type=GENOME_FASTA,GENOME_GFF,RNA_FASTA,CDS_FASTA,PROT_FASTA,SEQUENCE_REPORT&filename=GCA_963574465.1.zip"" -H ""Accept: application/zip"""
GCA_963573705.1,Scaffold,CAUYMP000000000,SAMEA112482912,Lemuridae,Eulemur sanfordi,Eulemur,sanfordi,,https://www.ncbi.nlm.nih.gov/datasets/genome/GCA_963573705.1,"curl -OJX GET ""https://api.ncbi.nlm.nih.gov/datasets/v2alpha/genome/accession/GCA_963573705.1/download?include_annotation_type=GENOME_FASTA,GENOME_GFF,RNA_FASTA,CDS_FASTA,PROT_FASTA,SEQUENCE_REPORT&filename=GCA_963573705.1.zip"" -H ""Accept: application/zip"""
GCA_963575145.1,Scaffold,CAUYTI000000000,SAMEA112482914,Galagidae,Galago senegalensis,Galago,senegalensis,,https://www.ncbi.nlm.nih.gov/datasets/genome/GCA_963575145.1,"curl -OJX GET ""https://api.ncbi.nlm.nih.gov/datasets/v2alpha/genome/accession/GCA_963575145.1/download?include_annotation_type=GENOME_FASTA,GENOME_GFF,RNA_FASTA,CDS_FASTA,PROT_FASTA,SEQUENCE_REPORT&filename=GCA_963575145.1.zip"" -H ""Accept: application/zip"""
GCA_963574575.1,Scaffold,CAUYQV000000000,SAMEA112483151,Galagidae,Galagoides demidoff,Galagoides,demidoff,,https://www.ncbi.nlm.nih.gov/datasets/genome/GCA_963574575.1,"curl -OJX GET ""https://api.ncbi.nlm.nih.gov/datasets/v2alpha/genome/accession/GCA_963574575.1/download?include_annotation_type=GENOME_FASTA,GENOME_GFF,RNA_FASTA,CDS_FASTA,PROT_FASTA,SEQUENCE_REPORT&filename=GCA_963574575.1.zip"" -H ""Accept: application/zip"""
GCA_963575185.1,Scaffold,CAUYTB000000000,SAMEA112482932,Hominidae,Gorilla beringei,Gorilla,beringei,,https://www.ncbi.nlm.nih.gov/datasets/genome/GCA_963575185.1,"curl -OJX GET ""https://api.ncbi.nlm.nih.gov/datasets/v2alpha/genome/accession/GCA_963575185.1/download?include_annotation_type=GENOME_FASTA,GENOME_GFF,RNA_FASTA,CDS_FASTA,PROT_FASTA,SEQUENCE_REPORT&filename=GCA_963575185.1.zip"" -H ""Accept: application/zip"""
GCA_963574485.1,Scaffold,CAUYQI000000000,SAMEA112483148,Lemuridae,Hapalemur griseus alaotrensis,Hapalemur,griseus,alaotrensis,https://www.ncbi.nlm.nih.gov/datasets/genome/GCA_963574485.1,"curl -OJX GET ""https://api.ncbi.nlm.nih.gov/datasets/v2alpha/genome/accession/GCA_963574485.1/download?include_annotation_type=GENOME_FASTA,GENOME_GFF,RNA_FASTA,CDS_FASTA,PROT_FASTA,SEQUENCE_REPORT&filename=GCA_963574485.1.zip"" -H ""Accept: application/zip"""
GCA_963573835.1,Scaffold,CAUYOU000000000,SAMEA112482915,Lemuridae,Hapalemur griseus,Hapalemur,griseus,,https://www.ncbi.nlm.nih.gov/datasets/genome/GCA_963573835.1,"curl -OJX GET ""https://api.ncbi.nlm.nih.gov/datasets/v2alpha/genome/accession/GCA_963573835.1/download?include_annotation_type=GENOME_FASTA,GENOME_GFF,RNA_FASTA,CDS_FASTA,PROT_FASTA,SEQUENCE_REPORT&filename=GCA_963573835.1.zip"" -H ""Accept: application/zip"""
GCA_963575165.1,Scaffold,CAUYTF000000000,SAMEA112482916,Lemuridae,Hapalemur griseus,Hapalemur,griseus,,https://www.ncbi.nlm.nih.gov/datasets/genome/GCA_963575165.1,"curl -OJX GET ""https://api.ncbi.nlm.nih.gov/datasets/v2alpha/genome/accession/GCA_963575165.1/download?include_annotation_type=GENOME_FASTA,GENOME_GFF,RNA_FASTA,CDS_FASTA,PROT_FASTA,SEQUENCE_REPORT&filename=GCA_963575165.1.zip"" -H ""Accept: application/zip"""
GCA_963575175.1,Scaffold,CAUYSY000000000,SAMEA112482917,Lemuridae,Hapalemur meridionalis,Hapalemur,meridionalis,,https://www.ncbi.nlm.nih.gov/datasets/genome/GCA_963575175.1,"curl -OJX GET ""https://api.ncbi.nlm.nih.gov/datasets/v2alpha/genome/accession/GCA_963575175.1/download?include_annotation_type=GENOME_FASTA,GENOME_GFF,RNA_FASTA,CDS_FASTA,PROT_FASTA,SEQUENCE_REPORT&filename=GCA_963575175.1.zip"" -H ""Accept: application/zip"""
GCA_963575155.1,Scaffold,CAUYTD000000000,SAMEA112482918,Lemuridae,Hapalemur occidentalis,Hapalemur,occidentalis,,https://www.ncbi.nlm.nih.gov/datasets/genome/GCA_963575155.1,"curl -OJX GET ""https://api.ncbi.nlm.nih.gov/datasets/v2alpha/genome/accession/GCA_963575155.1/download?include_annotation_type=GENOME_FASTA,GENOME_GFF,RNA_FASTA,CDS_FASTA,PROT_FASTA,SEQUENCE_REPORT&filename=GCA_963575155.1.zip"" -H ""Accept: application/zip"""
GCA_963574095.1,Scaffold,CAUYOT000000000,SAMEA112482843,Hylobatidae,Hylobates agilis,Hylobates,agilis,,https://www.ncbi.nlm.nih.gov/datasets/genome/GCA_963574095.1,"curl -OJX GET ""https://api.ncbi.nlm.nih.gov/datasets/v2alpha/genome/accession/GCA_963574095.1/download?include_annotation_type=GENOME_FASTA,GENOME_GFF,RNA_FASTA,CDS_FASTA,PROT_FASTA,SEQUENCE_REPORT&filename=GCA_963574095.1.zip"" -H ""Accept: application/zip"""
GCA_963574335.1,Scaffold,CAUYPF000000000,SAMEA112482828,Hylobatidae,Hylobates klossii,Hylobates,klossii,,https://www.ncbi.nlm.nih.gov/datasets/genome/GCA_963574335.1,"curl -OJX GET ""https://api.ncbi.nlm.nih.gov/datasets/v2alpha/genome/accession/GCA_963574335.1/download?include_annotation_type=GENOME_FASTA,GENOME_GFF,RNA_FASTA,CDS_FASTA,PROT_FASTA,SEQUENCE_REPORT&filename=GCA_963574335.1.zip"" -H ""Accept: application/zip"""
GCA_963573745.1,Scaffold,CAUYNX000000000,SAMEA112482842,Hylobatidae,Hylobates muelleri,Hylobates,muelleri,,https://www.ncbi.nlm.nih.gov/datasets/genome/GCA_963573745.1,"curl -OJX GET ""https://api.ncbi.nlm.nih.gov/datasets/v2alpha/genome/accession/GCA_963573745.1/download?include_annotation_type=GENOME_FASTA,GENOME_GFF,RNA_FASTA,CDS_FASTA,PROT_FASTA,SEQUENCE_REPORT&filename=GCA_963573745.1.zip"" -H ""Accept: application/zip"""
GCA_963574865.1,Scaffold,CAUYSE000000000,SAMEA112482829,Hylobatidae,Hylobates muelleri abbotti,Hylobates,muelleri,abbotti,https://www.ncbi.nlm.nih.gov/datasets/genome/GCA_963574865.1,"curl -OJX GET ""https://api.ncbi.nlm.nih.gov/datasets/v2alpha/genome/accession/GCA_963574865.1/download?include_annotation_type=GENOME_FASTA,GENOME_GFF,RNA_FASTA,CDS_FASTA,PROT_FASTA,SEQUENCE_REPORT&filename=GCA_963574865.1.zip"" -H ""Accept: application/zip"""
GCA_963575135.1,Scaffold,CAUYTU000000000,SAMN07678091,Indriidae,Indri indri,Indri,indri,,https://www.ncbi.nlm.nih.gov/datasets/genome/GCA_963575135.1,"curl -OJX GET ""https://api.ncbi.nlm.nih.gov/datasets/v2alpha/genome/accession/GCA_963575135.1/download?include_annotation_type=GENOME_FASTA,GENOME_GFF,RNA_FASTA,CDS_FASTA,PROT_FASTA,SEQUENCE_REPORT&filename=GCA_963575135.1.zip"" -H ""Accept: application/zip"""
GCA_963574225.1,Scaffold,CAUYNB000000000,SAMEA14464481,Atelidae,Lagothrix lagotricha,Lagothrix,lagotricha,,https://www.ncbi.nlm.nih.gov/datasets/genome/GCA_963574225.1,"curl -OJX GET ""https://api.ncbi.nlm.nih.gov/datasets/v2alpha/genome/accession/GCA_963574225.1/download?include_annotation_type=GENOME_FASTA,GENOME_GFF,RNA_FASTA,CDS_FASTA,PROT_FASTA,SEQUENCE_REPORT&filename=GCA_963574225.1.zip"" -H ""Accept: application/zip"""
GCA_963575285.1,Scaffold,CAUYUG000000000,SAMEA112482898,Callitrichidae,Leontocebus fuscicollis,Leontocebus,fuscicollis,,https://www.ncbi.nlm.nih.gov/datasets/genome/GCA_963575285.1,"curl -OJX GET ""https://api.ncbi.nlm.nih.gov/datasets/v2alpha/genome/accession/GCA_963575285.1/download?include_annotation_type=GENOME_FASTA,GENOME_GFF,RNA_FASTA,CDS_FASTA,PROT_FASTA,SEQUENCE_REPORT&filename=GCA_963575285.1.zip"" -H ""Accept: application/zip"""
GCA_963573655.1,Scaffold,CAUYOQ000000000,SAMEA112482893,Callitrichidae,Leontocebus fuscicollis,Leontocebus,fuscicollis,,https://www.ncbi.nlm.nih.gov/datasets/genome/GCA_963573655.1,"curl -OJX GET ""https://api.ncbi.nlm.nih.gov/datasets/v2alpha/genome/accession/GCA_963573655.1/download?include_annotation_type=GENOME_FASTA,GENOME_GFF,RNA_FASTA,CDS_FASTA,PROT_FASTA,SEQUENCE_REPORT&filename=GCA_963573655.1.zip"" -H ""Accept: application/zip"""
GCA_963575265.1,Scaffold,CAUYUH000000000,SAMEA14464484,Callitrichidae,Leontocebus nigricollis,Leontocebus,nigricollis,,https://www.ncbi.nlm.nih.gov/datasets/genome/GCA_963575265.1,"curl -OJX GET ""https://api.ncbi.nlm.nih.gov/datasets/v2alpha/genome/accession/GCA_963575265.1/download?include_annotation_type=GENOME_FASTA,GENOME_GFF,RNA_FASTA,CDS_FASTA,PROT_FASTA,SEQUENCE_REPORT&filename=GCA_963575265.1.zip"" -H ""Accept: application/zip"""
GCA_963574395.1,Scaffold,CAUYPS000000000,SAMEA112483312,Callitrichidae,Leontopithecus chrysomelas,Leontopithecus,chrysomelas,,https://www.ncbi.nlm.nih.gov/datasets/genome/GCA_963574395.1,"curl -OJX GET ""https://api.ncbi.nlm.nih.gov/datasets/v2alpha/genome/accession/GCA_963574395.1/download?include_annotation_type=GENOME_FASTA,GENOME_GFF,RNA_FASTA,CDS_FASTA,PROT_FASTA,SEQUENCE_REPORT&filename=GCA_963574395.1.zip"" -H ""Accept: application/zip"""
GCA_963574445.1,Scaffold,CAUYQA000000000,SAMEA112483026,Callitrichidae,Leontopithecus rosalia,Leontopithecus,rosalia,,https://www.ncbi.nlm.nih.gov/datasets/genome/GCA_963574445.1,"curl -OJX GET ""https://api.ncbi.nlm.nih.gov/datasets/v2alpha/genome/accession/GCA_963574445.1/download?include_annotation_type=GENOME_FASTA,GENOME_GFF,RNA_FASTA,CDS_FASTA,PROT_FASTA,SEQUENCE_REPORT&filename=GCA_963574445.1.zip"" -H ""Accept: application/zip"""
GCA_963573785.1,Scaffold,CAUYMN000000000,SAMEA112482998,Lepilemuridae,Lepilemur ankaranensis,Lepilemur,ankaranensis,,https://www.ncbi.nlm.nih.gov/datasets/genome/GCA_963573785.1,"curl -OJX GET ""https://api.ncbi.nlm.nih.gov/datasets/v2alpha/genome/accession/GCA_963573785.1/download?include_annotation_type=GENOME_FASTA,GENOME_GFF,RNA_FASTA,CDS_FASTA,PROT_FASTA,SEQUENCE_REPORT&filename=GCA_963573785.1.zip"" -H ""Accept: application/zip"""
GCA_963574875.1,Scaffold,CAUYRW000000000,SAMEA112482999,Lepilemuridae,Lepilemur dorsalis,Lepilemur,dorsalis,,https://www.ncbi.nlm.nih.gov/datasets/genome/GCA_963574875.1,"curl -OJX GET ""https://api.ncbi.nlm.nih.gov/datasets/v2alpha/genome/accession/GCA_963574875.1/download?include_annotation_type=GENOME_FASTA,GENOME_GFF,RNA_FASTA,CDS_FASTA,PROT_FASTA,SEQUENCE_REPORT&filename=GCA_963574875.1.zip"" -H ""Accept: application/zip"""
GCA_963574885.1,Scaffold,CAUYRT000000000,SAMEA112483002,Lepilemuridae,Lepilemur ruficaudatus,Lepilemur,ruficaudatus,,https://www.ncbi.nlm.nih.gov/datasets/genome/GCA_963574885.1,"curl -OJX GET ""https://api.ncbi.nlm.nih.gov/datasets/v2alpha/genome/accession/GCA_963574885.1/download?include_annotation_type=GENOME_FASTA,GENOME_GFF,RNA_FASTA,CDS_FASTA,PROT_FASTA,SEQUENCE_REPORT&filename=GCA_963574885.1.zip"" -H ""Accept: application/zip"""
GCA_963573855.1,Scaffold,CAUYMX000000000,SAMEA112482919,Lepilemuridae,Lepilemur septentrionalis,Lepilemur,septentrionalis,,https://www.ncbi.nlm.nih.gov/datasets/genome/GCA_963573855.1,"curl -OJX GET ""https://api.ncbi.nlm.nih.gov/datasets/v2alpha/genome/accession/GCA_963573855.1/download?include_annotation_type=GENOME_FASTA,GENOME_GFF,RNA_FASTA,CDS_FASTA,PROT_FASTA,SEQUENCE_REPORT&filename=GCA_963573855.1.zip"" -H ""Accept: application/zip"""
GCA_963574355.1,Scaffold,CAUYPK000000000,SAMEA112483060,Lorisidae,Loris lydekkerianus,Loris,lydekkerianus,,https://www.ncbi.nlm.nih.gov/datasets/genome/GCA_963574355.1,"curl -OJX GET ""https://api.ncbi.nlm.nih.gov/datasets/v2alpha/genome/accession/GCA_963574355.1/download?include_annotation_type=GENOME_FASTA,GENOME_GFF,RNA_FASTA,CDS_FASTA,PROT_FASTA,SEQUENCE_REPORT&filename=GCA_963574355.1.zip"" -H ""Accept: application/zip"""
GCA_963573575.1,Scaffold,CAUYNL000000000,SAMEA112482864,Cercopithecidae,Macaca arctoides,Macaca,arctoides,,https://www.ncbi.nlm.nih.gov/datasets/genome/GCA_963573575.1,"curl -OJX GET ""https://api.ncbi.nlm.nih.gov/datasets/v2alpha/genome/accession/GCA_963573575.1/download?include_annotation_type=GENOME_FASTA,GENOME_GFF,RNA_FASTA,CDS_FASTA,PROT_FASTA,SEQUENCE_REPORT&filename=GCA_963573575.1.zip"" -H ""Accept: application/zip"""
GCA_963573865.1,Scaffold,CAUYPY000000000,SAMD00215312,Cercopithecidae,Macaca cyclopis,Macaca,cyclopis,,https://www.ncbi.nlm.nih.gov/datasets/genome/GCA_963573865.1,"curl -OJX GET ""https://api.ncbi.nlm.nih.gov/datasets/v2alpha/genome/accession/GCA_963573865.1/download?include_annotation_type=GENOME_FASTA,GENOME_GFF,RNA_FASTA,CDS_FASTA,PROT_FASTA,SEQUENCE_REPORT&filename=GCA_963573865.1.zip"" -H ""Accept: application/zip"""
GCA_963574375.1,Scaffold,CAUYPJ000000000,SAMEA112483067,Cercopithecidae,Macaca fascicularis,Macaca,fascicularis,,https://www.ncbi.nlm.nih.gov/datasets/genome/GCA_963574375.1,"curl -OJX GET ""https://api.ncbi.nlm.nih.gov/datasets/v2alpha/genome/accession/GCA_963574375.1/download?include_annotation_type=GENOME_FASTA,GENOME_GFF,RNA_FASTA,CDS_FASTA,PROT_FASTA,SEQUENCE_REPORT&filename=GCA_963574375.1.zip"" -H ""Accept: application/zip"""
GCA_963573635.1,Scaffold,CAUYPW000000000,SAMD00215311,Cercopithecidae,Macaca fuscata fuscata,Macaca,fuscata,fuscata,https://www.ncbi.nlm.nih.gov/datasets/genome/GCA_963573635.1,"curl -OJX GET ""https://api.ncbi.nlm.nih.gov/datasets/v2alpha/genome/accession/GCA_963573635.1/download?include_annotation_type=GENOME_FASTA,GENOME_GFF,RNA_FASTA,CDS_FASTA,PROT_FASTA,SEQUENCE_REPORT&filename=GCA_963573635.1.zip"" -H ""Accept: application/zip"""
GCA_963573825.1,Scaffold,CAUYNU000000000,SAMEA112482872,Cercopithecidae,Macaca leonina,Macaca,leonina,,https://www.ncbi.nlm.nih.gov/datasets/genome/GCA_963573825.1,"curl -OJX GET ""https://api.ncbi.nlm.nih.gov/datasets/v2alpha/genome/accession/GCA_963573825.1/download?include_annotation_type=GENOME_FASTA,GENOME_GFF,RNA_FASTA,CDS_FASTA,PROT_FASTA,SEQUENCE_REPORT&filename=GCA_963573825.1.zip"" -H ""Accept: application/zip"""
GCA_963574855.1,Scaffold,CAUYSB000000000,SAMEA112482863,Cercopithecidae,Macaca maura,Macaca,maura,,https://www.ncbi.nlm.nih.gov/datasets/genome/GCA_963574855.1,"curl -OJX GET ""https://api.ncbi.nlm.nih.gov/datasets/v2alpha/genome/accession/GCA_963574855.1/download?include_annotation_type=GENOME_FASTA,GENOME_GFF,RNA_FASTA,CDS_FASTA,PROT_FASTA,SEQUENCE_REPORT&filename=GCA_963574855.1.zip"" -H ""Accept: application/zip"""
GCA_963573485.1,Scaffold,CAUYNM000000000,SAMN07503430,Cercopithecidae,Macaca nigra,Macaca,nigra,,https://www.ncbi.nlm.nih.gov/datasets/genome/GCA_963573485.1,"curl -OJX GET ""https://api.ncbi.nlm.nih.gov/datasets/v2alpha/genome/accession/GCA_963573485.1/download?include_annotation_type=GENOME_FASTA,GENOME_GFF,RNA_FASTA,CDS_FASTA,PROT_FASTA,SEQUENCE_REPORT&filename=GCA_963573485.1.zip"" -H ""Accept: application/zip"""
GCA_963573735.1,Scaffold,CAUYNO000000000,SAMEA112483081,Cercopithecidae,Macaca radiata,Macaca,radiata,,https://www.ncbi.nlm.nih.gov/datasets/genome/GCA_963573735.1,"curl -OJX GET ""https://api.ncbi.nlm.nih.gov/datasets/v2alpha/genome/accession/GCA_963573735.1/download?include_annotation_type=GENOME_FASTA,GENOME_GFF,RNA_FASTA,CDS_FASTA,PROT_FASTA,SEQUENCE_REPORT&filename=GCA_963573735.1.zip"" -H ""Accept: application/zip"""
GCA_963574275.1,Scaffold,CAUYPE000000000,SAMEA112482837,Cercopithecidae,Macaca siberu,Macaca,siberu,,https://www.ncbi.nlm.nih.gov/datasets/genome/GCA_963574275.1,"curl -OJX GET ""https://api.ncbi.nlm.nih.gov/datasets/v2alpha/genome/accession/GCA_963574275.1/download?include_annotation_type=GENOME_FASTA,GENOME_GFF,RNA_FASTA,CDS_FASTA,PROT_FASTA,SEQUENCE_REPORT&filename=GCA_963574275.1.zip"" -H ""Accept: application/zip"""
GCA_963574025.1,Scaffold,CAUYQE000000000,SAMN02390221,Cercopithecidae,Macaca thibetana,Macaca,thibetana,,https://www.ncbi.nlm.nih.gov/datasets/genome/GCA_963574025.1,"curl -OJX GET ""https://api.ncbi.nlm.nih.gov/datasets/v2alpha/genome/accession/GCA_963574025.1/download?include_annotation_type=GENOME_FASTA,GENOME_GFF,RNA_FASTA,CDS_FASTA,PROT_FASTA,SEQUENCE_REPORT&filename=GCA_963574025.1.zip"" -H ""Accept: application/zip"""
GCA_963573625.1,Scaffold,CAUYNJ000000000,SAMN07503429,Cercopithecidae,Macaca tonkeana,Macaca,tonkeana,,https://www.ncbi.nlm.nih.gov/datasets/genome/GCA_963573625.1,"curl -OJX GET ""https://api.ncbi.nlm.nih.gov/datasets/v2alpha/genome/accession/GCA_963573625.1/download?include_annotation_type=GENOME_FASTA,GENOME_GFF,RNA_FASTA,CDS_FASTA,PROT_FASTA,SEQUENCE_REPORT&filename=GCA_963573625.1.zip"" -H ""Accept: application/zip"""
GCA_963573565.1,Scaffold,CAUYNR000000000,SAMEA14464487,Callitrichidae,Mico argentatus,Mico,argentatus,,https://www.ncbi.nlm.nih.gov/datasets/genome/GCA_963573565.1,"curl -OJX GET ""https://api.ncbi.nlm.nih.gov/datasets/v2alpha/genome/accession/GCA_963573565.1/download?include_annotation_type=GENOME_FASTA,GENOME_GFF,RNA_FASTA,CDS_FASTA,PROT_FASTA,SEQUENCE_REPORT&filename=GCA_963573565.1.zip"" -H ""Accept: application/zip"""
GCA_963573845.1,Scaffold,CAUYNY000000000,SAMEA112482892,Callitrichidae,Mico argentatus,Mico,argentatus,,https://www.ncbi.nlm.nih.gov/datasets/genome/GCA_963573845.1,"curl -OJX GET ""https://api.ncbi.nlm.nih.gov/datasets/v2alpha/genome/accession/GCA_963573845.1/download?include_annotation_type=GENOME_FASTA,GENOME_GFF,RNA_FASTA,CDS_FASTA,PROT_FASTA,SEQUENCE_REPORT&filename=GCA_963573845.1.zip"" -H ""Accept: application/zip"""
GCA_963574605.1,Scaffold,CAUYQW000000000,SAMEA14464486,Callitrichidae,Mico humeralifer,Mico,humeralifer,,https://www.ncbi.nlm.nih.gov/datasets/genome/GCA_963574605.1,"curl -OJX GET ""https://api.ncbi.nlm.nih.gov/datasets/v2alpha/genome/accession/GCA_963574605.1/download?include_annotation_type=GENOME_FASTA,GENOME_GFF,RNA_FASTA,CDS_FASTA,PROT_FASTA,SEQUENCE_REPORT&filename=GCA_963574605.1.zip"" -H ""Accept: application/zip"""
GCA_963574545.1,Scaffold,CAUYQQ000000000,SAMEA14464441,Callitrichidae,Mico humilis,Mico,humilis,,https://www.ncbi.nlm.nih.gov/datasets/genome/GCA_963574545.1,"curl -OJX GET ""https://api.ncbi.nlm.nih.gov/datasets/v2alpha/genome/accession/GCA_963574545.1/download?include_annotation_type=GENOME_FASTA,GENOME_GFF,RNA_FASTA,CDS_FASTA,PROT_FASTA,SEQUENCE_REPORT&filename=GCA_963574545.1.zip"" -H ""Accept: application/zip"""
GCA_963573445.1,Scaffold,CAUYND000000000,SAMEA112482899,Cercopithecidae,Miopithecus ogouensis,Miopithecus,ogouensis,,https://www.ncbi.nlm.nih.gov/datasets/genome/GCA_963573445.1,"curl -OJX GET ""https://api.ncbi.nlm.nih.gov/datasets/v2alpha/genome/accession/GCA_963573445.1/download?include_annotation_type=GENOME_FASTA,GENOME_GFF,RNA_FASTA,CDS_FASTA,PROT_FASTA,SEQUENCE_REPORT&filename=GCA_963573445.1.zip"" -H ""Accept: application/zip"""
GCA_963573685.1,Scaffold,CAUYML000000000,SAMEA112482921,Cheirogaleidae,Mirza zaza,Mirza,zaza,,https://www.ncbi.nlm.nih.gov/datasets/genome/GCA_963573685.1,"curl -OJX GET ""https://api.ncbi.nlm.nih.gov/datasets/v2alpha/genome/accession/GCA_963573685.1/download?include_annotation_type=GENOME_FASTA,GENOME_GFF,RNA_FASTA,CDS_FASTA,PROT_FASTA,SEQUENCE_REPORT&filename=GCA_963573685.1.zip"" -H ""Accept: application/zip"""
GCA_963574835.1,Scaffold,CAUYSA000000000,SAMEA112482862,Cercopithecidae,Nasalis larvatus,Nasalis,larvatus,,https://www.ncbi.nlm.nih.gov/datasets/genome/GCA_963574835.1,"curl -OJX GET ""https://api.ncbi.nlm.nih.gov/datasets/v2alpha/genome/accession/GCA_963574835.1/download?include_annotation_type=GENOME_FASTA,GENOME_GFF,RNA_FASTA,CDS_FASTA,PROT_FASTA,SEQUENCE_REPORT&filename=GCA_963574835.1.zip"" -H ""Accept: application/zip"""
GCA_963574525.1,Scaffold,CAUYQL000000000,SAMEA112482922,Hylobatidae,Nomascus annamensis,Nomascus,annamensis,,https://www.ncbi.nlm.nih.gov/datasets/genome/GCA_963574525.1,"curl -OJX GET ""https://api.ncbi.nlm.nih.gov/datasets/v2alpha/genome/accession/GCA_963574525.1/download?include_annotation_type=GENOME_FASTA,GENOME_GFF,RNA_FASTA,CDS_FASTA,PROT_FASTA,SEQUENCE_REPORT&filename=GCA_963574525.1.zip"" -H ""Accept: application/zip"""
GCA_963574845.1,Scaffold,CAUYSP000000000,SAMEA112482830,Hylobatidae,Nomascus concolor,Nomascus,concolor,,https://www.ncbi.nlm.nih.gov/datasets/genome/GCA_963574845.1,"curl -OJX GET ""https://api.ncbi.nlm.nih.gov/datasets/v2alpha/genome/accession/GCA_963574845.1/download?include_annotation_type=GENOME_FASTA,GENOME_GFF,RNA_FASTA,CDS_FASTA,PROT_FASTA,SEQUENCE_REPORT&filename=GCA_963574845.1.zip"" -H ""Accept: application/zip"""
GCA_963574555.1,Scaffold,CAUYQO000000000,SAMEA112482844,Hylobatidae,Nomascus gabriellae,Nomascus,gabriellae,,https://www.ncbi.nlm.nih.gov/datasets/genome/GCA_963574555.1,"curl -OJX GET ""https://api.ncbi.nlm.nih.gov/datasets/v2alpha/genome/accession/GCA_963574555.1/download?include_annotation_type=GENOME_FASTA,GENOME_GFF,RNA_FASTA,CDS_FASTA,PROT_FASTA,SEQUENCE_REPORT&filename=GCA_963574555.1.zip"" -H ""Accept: application/zip"""
GCA_963573715.1,Scaffold,CAUYNF000000000,SAMEA112482874,Hylobatidae,Nomascus siki,Nomascus,siki,,https://www.ncbi.nlm.nih.gov/datasets/genome/GCA_963573715.1,"curl -OJX GET ""https://api.ncbi.nlm.nih.gov/datasets/v2alpha/genome/accession/GCA_963573715.1/download?include_annotation_type=GENOME_FASTA,GENOME_GFF,RNA_FASTA,CDS_FASTA,PROT_FASTA,SEQUENCE_REPORT&filename=GCA_963573715.1.zip"" -H ""Accept: application/zip"""
GCA_963573995.1,Scaffold,CAUYQH000000000,SAMN07678100,Lorisidae,Nycticebus coucang,Nycticebus,coucang,,https://www.ncbi.nlm.nih.gov/datasets/genome/GCA_963573995.1,"curl -OJX GET ""https://api.ncbi.nlm.nih.gov/datasets/v2alpha/genome/accession/GCA_963573995.1/download?include_annotation_type=GENOME_FASTA,GENOME_GFF,RNA_FASTA,CDS_FASTA,PROT_FASTA,SEQUENCE_REPORT&filename=GCA_963573995.1.zip"" -H ""Accept: application/zip"""
GCA_963574585.1,Scaffold,CAUYQS000000000,SAMEA112483152,Galagidae,Otolemur crassicaudatus,Otolemur,crassicaudatus,,https://www.ncbi.nlm.nih.gov/datasets/genome/GCA_963574585.1,"curl -OJX GET ""https://api.ncbi.nlm.nih.gov/datasets/v2alpha/genome/accession/GCA_963574585.1/download?include_annotation_type=GENOME_FASTA,GENOME_GFF,RNA_FASTA,CDS_FASTA,PROT_FASTA,SEQUENCE_REPORT&filename=GCA_963574585.1.zip"" -H ""Accept: application/zip"""
GCA_963574715.1,Scaffold,CAUYRL000000000,SAMEA112482966,Cercopithecidae,Papio cynocephalus,Papio,cynocephalus,,https://www.ncbi.nlm.nih.gov/datasets/genome/GCA_963574715.1,"curl -OJX GET ""https://api.ncbi.nlm.nih.gov/datasets/v2alpha/genome/accession/GCA_963574715.1/download?include_annotation_type=GENOME_FASTA,GENOME_GFF,RNA_FASTA,CDS_FASTA,PROT_FASTA,SEQUENCE_REPORT&filename=GCA_963574715.1.zip"" -H ""Accept: application/zip"""
GCA_963573405.1,Scaffold,CAUYNZ000000000,SAMEA112483216,Cercopithecidae,Papio kindae,Papio,kindae,,https://www.ncbi.nlm.nih.gov/datasets/genome/GCA_963573405.1,"curl -OJX GET ""https://api.ncbi.nlm.nih.gov/datasets/v2alpha/genome/accession/GCA_963573405.1/download?include_annotation_type=GENOME_FASTA,GENOME_GFF,RNA_FASTA,CDS_FASTA,PROT_FASTA,SEQUENCE_REPORT&filename=GCA_963573405.1.zip"" -H ""Accept: application/zip"""
GCA_963573375.1,Scaffold,CAUYMZ000000000,SAMEA112483028,Cercopithecidae,Papio papio,Papio,papio,,https://www.ncbi.nlm.nih.gov/datasets/genome/GCA_963573375.1,"curl -OJX GET ""https://api.ncbi.nlm.nih.gov/datasets/v2alpha/genome/accession/GCA_963573375.1/download?include_annotation_type=GENOME_FASTA,GENOME_GFF,RNA_FASTA,CDS_FASTA,PROT_FASTA,SEQUENCE_REPORT&filename=GCA_963573375.1.zip"" -H ""Accept: application/zip"""
GCA_963574515.1,Scaffold,CAUYQN000000000,SAMEA112483159,Cercopithecidae,Papio ursinus,Papio,ursinus,,https://www.ncbi.nlm.nih.gov/datasets/genome/GCA_963574515.1,"curl -OJX GET ""https://api.ncbi.nlm.nih.gov/datasets/v2alpha/genome/accession/GCA_963574515.1/download?include_annotation_type=GENOME_FASTA,GENOME_GFF,RNA_FASTA,CDS_FASTA,PROT_FASTA,SEQUENCE_REPORT&filename=GCA_963574515.1.zip"" -H ""Accept: application/zip"""
GCA_963574675.1,Scaffold,CAUYRK000000000,SAMEA112482923,Lorisidae,Perodicticus potto ibeanus,Perodicticus,potto,ibeanus,https://www.ncbi.nlm.nih.gov/datasets/genome/GCA_963574675.1,"curl -OJX GET ""https://api.ncbi.nlm.nih.gov/datasets/v2alpha/genome/accession/GCA_963574675.1/download?include_annotation_type=GENOME_FASTA,GENOME_GFF,RNA_FASTA,CDS_FASTA,PROT_FASTA,SEQUENCE_REPORT&filename=GCA_963574675.1.zip"" -H ""Accept: application/zip"""
GCA_963574655.1,Scaffold,CAUYRH000000000,SAMEA112483156,Lorisidae,Perodicticus potto,Perodicticus,potto,,https://www.ncbi.nlm.nih.gov/datasets/genome/GCA_963574655.1,"curl -OJX GET ""https://api.ncbi.nlm.nih.gov/datasets/v2alpha/genome/accession/GCA_963574655.1/download?include_annotation_type=GENOME_FASTA,GENOME_GFF,RNA_FASTA,CDS_FASTA,PROT_FASTA,SEQUENCE_REPORT&filename=GCA_963574655.1.zip"" -H ""Accept: application/zip"""
GCA_963574265.1,Scaffold,CAUYPZ000000000,SAMEA112482832,Cercopithecidae,Piliocolobus badius,Piliocolobus,badius,,https://www.ncbi.nlm.nih.gov/datasets/genome/GCA_963574265.1,"curl -OJX GET ""https://api.ncbi.nlm.nih.gov/datasets/v2alpha/genome/accession/GCA_963574265.1/download?include_annotation_type=GENOME_FASTA,GENOME_GFF,RNA_FASTA,CDS_FASTA,PROT_FASTA,SEQUENCE_REPORT&filename=GCA_963574265.1.zip"" -H ""Accept: application/zip"""
GCA_963574285.1,Scaffold,CAUYPL000000000,SAMEA112482838,Cercopithecidae,Piliocolobus gordonorum,Piliocolobus,gordonorum,,https://www.ncbi.nlm.nih.gov/datasets/genome/GCA_963574285.1,"curl -OJX GET ""https://api.ncbi.nlm.nih.gov/datasets/v2alpha/genome/accession/GCA_963574285.1/download?include_annotation_type=GENOME_FASTA,GENOME_GFF,RNA_FASTA,CDS_FASTA,PROT_FASTA,SEQUENCE_REPORT&filename=GCA_963574285.1.zip"" -H ""Accept: application/zip"""
GCA_963574805.1,Scaffold,CAUYRS000000000,SAMEA112482839,Cercopithecidae,Piliocolobus kirkii,Piliocolobus,kirkii,,https://www.ncbi.nlm.nih.gov/datasets/genome/GCA_963574805.1,"curl -OJX GET ""https://api.ncbi.nlm.nih.gov/datasets/v2alpha/genome/accession/GCA_963574805.1/download?include_annotation_type=GENOME_FASTA,GENOME_GFF,RNA_FASTA,CDS_FASTA,PROT_FASTA,SEQUENCE_REPORT&filename=GCA_963574805.1.zip"" -H ""Accept: application/zip"""
GCA_963573695.1,Scaffold,CAUYMF000000000,SAMEA14464488,Pitheciidae,Pithecia albicans,Pithecia,albicans,,https://www.ncbi.nlm.nih.gov/datasets/genome/GCA_963573695.1,"curl -OJX GET ""https://api.ncbi.nlm.nih.gov/datasets/v2alpha/genome/accession/GCA_963573695.1/download?include_annotation_type=GENOME_FASTA,GENOME_GFF,RNA_FASTA,CDS_FASTA,PROT_FASTA,SEQUENCE_REPORT&filename=GCA_963573695.1.zip"" -H ""Accept: application/zip"""
GCA_963574905.1,Scaffold,CAUYRZ000000000,SAMEA14464489,Pitheciidae,Pithecia chrysocephala,Pithecia,chrysocephala,,https://www.ncbi.nlm.nih.gov/datasets/genome/GCA_963574905.1,"curl -OJX GET ""https://api.ncbi.nlm.nih.gov/datasets/v2alpha/genome/accession/GCA_963574905.1/download?include_annotation_type=GENOME_FASTA,GENOME_GFF,RNA_FASTA,CDS_FASTA,PROT_FASTA,SEQUENCE_REPORT&filename=GCA_963574905.1.zip"" -H ""Accept: application/zip"""
GCA_963573645.1,Scaffold,CAUYLZ000000000,SAMEA14464490,Pitheciidae,Pithecia hirsuta,Pithecia,hirsuta,,https://www.ncbi.nlm.nih.gov/datasets/genome/GCA_963573645.1,"curl -OJX GET ""https://api.ncbi.nlm.nih.gov/datasets/v2alpha/genome/accession/GCA_963573645.1/download?include_annotation_type=GENOME_FASTA,GENOME_GFF,RNA_FASTA,CDS_FASTA,PROT_FASTA,SEQUENCE_REPORT&filename=GCA_963573645.1.zip"" -H ""Accept: application/zip"""
GCA_963574975.1,Scaffold,CAUYSI000000000,SAMEA14464492,Pitheciidae,Pithecia mittermeieri,Pithecia,mittermeieri,,https://www.ncbi.nlm.nih.gov/datasets/genome/GCA_963574975.1,"curl -OJX GET ""https://api.ncbi.nlm.nih.gov/datasets/v2alpha/genome/accession/GCA_963574975.1/download?include_annotation_type=GENOME_FASTA,GENOME_GFF,RNA_FASTA,CDS_FASTA,PROT_FASTA,SEQUENCE_REPORT&filename=GCA_963574975.1.zip"" -H ""Accept: application/zip"""
GCA_963575305.1,Scaffold,CAUYTR000000000,SAMEA14464493,Pitheciidae,Pithecia pissinatti,Pithecia,pissinatti,,https://www.ncbi.nlm.nih.gov/datasets/genome/GCA_963575305.1,"curl -OJX GET ""https://api.ncbi.nlm.nih.gov/datasets/v2alpha/genome/accession/GCA_963575305.1/download?include_annotation_type=GENOME_FASTA,GENOME_GFF,RNA_FASTA,CDS_FASTA,PROT_FASTA,SEQUENCE_REPORT&filename=GCA_963575305.1.zip"" -H ""Accept: application/zip"""
GCA_963574005.1,Scaffold,CAUYMC000000000,SAMEA14464497,Pitheciidae,Pithecia vanzolinii,Pithecia,vanzolinii,,https://www.ncbi.nlm.nih.gov/datasets/genome/GCA_963574005.1,"curl -OJX GET ""https://api.ncbi.nlm.nih.gov/datasets/v2alpha/genome/accession/GCA_963574005.1/download?include_annotation_type=GENOME_FASTA,GENOME_GFF,RNA_FASTA,CDS_FASTA,PROT_FASTA,SEQUENCE_REPORT&filename=GCA_963574005.1.zip"" -H ""Accept: application/zip"""
GCA_963574705.1,Scaffold,CAUYRI000000000,SAMEA14464498,Pitheciidae,Plecturocebus bernhardi,Plecturocebus,bernhardi,,https://www.ncbi.nlm.nih.gov/datasets/genome/GCA_963574705.1,"curl -OJX GET ""https://api.ncbi.nlm.nih.gov/datasets/v2alpha/genome/accession/GCA_963574705.1/download?include_annotation_type=GENOME_FASTA,GENOME_GFF,RNA_FASTA,CDS_FASTA,PROT_FASTA,SEQUENCE_REPORT&filename=GCA_963574705.1.zip"" -H ""Accept: application/zip"""
GCA_963573885.1,Scaffold,CAUYMO000000000,SAMEA14464501,Pitheciidae,Plecturocebus brunneus,Plecturocebus,brunneus,,https://www.ncbi.nlm.nih.gov/datasets/genome/GCA_963573885.1,"curl -OJX GET ""https://api.ncbi.nlm.nih.gov/datasets/v2alpha/genome/accession/GCA_963573885.1/download?include_annotation_type=GENOME_FASTA,GENOME_GFF,RNA_FASTA,CDS_FASTA,PROT_FASTA,SEQUENCE_REPORT&filename=GCA_963573885.1.zip"" -H ""Accept: application/zip"""
GCA_963575255.1,Scaffold,CAUYTN000000000,SAMEA14464503,Pitheciidae,Plecturocebus caligatus,Plecturocebus,caligatus,,https://www.ncbi.nlm.nih.gov/datasets/genome/GCA_963575255.1,"curl -OJX GET ""https://api.ncbi.nlm.nih.gov/datasets/v2alpha/genome/accession/GCA_963575255.1/download?include_annotation_type=GENOME_FASTA,GENOME_GFF,RNA_FASTA,CDS_FASTA,PROT_FASTA,SEQUENCE_REPORT&filename=GCA_963575255.1.zip"" -H ""Accept: application/zip"""
GCA_963573415.1,Scaffold,CAUYMB000000000,SAMEA14464506,Pitheciidae,Plecturocebus cinerascens,Plecturocebus,cinerascens,,https://www.ncbi.nlm.nih.gov/datasets/genome/GCA_963573415.1,"curl -OJX GET ""https://api.ncbi.nlm.nih.gov/datasets/v2alpha/genome/accession/GCA_963573415.1/download?include_annotation_type=GENOME_FASTA,GENOME_GFF,RNA_FASTA,CDS_FASTA,PROT_FASTA,SEQUENCE_REPORT&filename=GCA_963573415.1.zip"" -H ""Accept: application/zip"""
GCA_963574565.1,Scaffold,CAUYQP000000000,SAMEA14464508,Pitheciidae,Plecturocebus cupreus,Plecturocebus,cupreus,,https://www.ncbi.nlm.nih.gov/datasets/genome/GCA_963574565.1,"curl -OJX GET ""https://api.ncbi.nlm.nih.gov/datasets/v2alpha/genome/accession/GCA_963574565.1/download?include_annotation_type=GENOME_FASTA,GENOME_GFF,RNA_FASTA,CDS_FASTA,PROT_FASTA,SEQUENCE_REPORT&filename=GCA_963574565.1.zip"" -H ""Accept: application/zip"""
GCA_963575235.1,Scaffold,CAUYTH000000000,SAMEA14464513,Pitheciidae,Plecturocebus dubius,Plecturocebus,dubius,,https://www.ncbi.nlm.nih.gov/datasets/genome/GCA_963575235.1,"curl -OJX GET ""https://api.ncbi.nlm.nih.gov/datasets/v2alpha/genome/accession/GCA_963575235.1/download?include_annotation_type=GENOME_FASTA,GENOME_GFF,RNA_FASTA,CDS_FASTA,PROT_FASTA,SEQUENCE_REPORT&filename=GCA_963575235.1.zip"" -H ""Accept: application/zip"""
GCA_963574625.1,Scaffold,CAUYQT000000000,SAMEA14464516,Pitheciidae,Plecturocebus grovesi,Plecturocebus,grovesi,,https://www.ncbi.nlm.nih.gov/datasets/genome/GCA_963574625.1,"curl -OJX GET ""https://api.ncbi.nlm.nih.gov/datasets/v2alpha/genome/accession/GCA_963574625.1/download?include_annotation_type=GENOME_FASTA,GENOME_GFF,RNA_FASTA,CDS_FASTA,PROT_FASTA,SEQUENCE_REPORT&filename=GCA_963574625.1.zip"" -H ""Accept: application/zip"""
GCA_963575245.1,Scaffold,CAUYTJ000000000,SAMEA14464517,Pitheciidae,Plecturocebus hoffmannsi,Plecturocebus,hoffmannsi,,https://www.ncbi.nlm.nih.gov/datasets/genome/GCA_963575245.1,"curl -OJX GET ""https://api.ncbi.nlm.nih.gov/datasets/v2alpha/genome/accession/GCA_963575245.1/download?include_annotation_type=GENOME_FASTA,GENOME_GFF,RNA_FASTA,CDS_FASTA,PROT_FASTA,SEQUENCE_REPORT&filename=GCA_963575245.1.zip"" -H ""Accept: application/zip"""
GCA_963575275.1,Scaffold,CAUYTP000000000,SAMEA14464518,Pitheciidae,Plecturocebus miltoni,Plecturocebus,miltoni,,https://www.ncbi.nlm.nih.gov/datasets/genome/GCA_963575275.1,"curl -OJX GET ""https://api.ncbi.nlm.nih.gov/datasets/v2alpha/genome/accession/GCA_963575275.1/download?include_annotation_type=GENOME_FASTA,GENOME_GFF,RNA_FASTA,CDS_FASTA,PROT_FASTA,SEQUENCE_REPORT&filename=GCA_963575275.1.zip"" -H ""Accept: application/zip"""
GCA_963574105.1,Scaffold,CAUYNC000000000,SAMEA14464519,Pitheciidae,Plecturocebus moloch,Plecturocebus,moloch,,https://www.ncbi.nlm.nih.gov/datasets/genome/GCA_963574105.1,"curl -OJX GET ""https://api.ncbi.nlm.nih.gov/datasets/v2alpha/genome/accession/GCA_963574105.1/download?include_annotation_type=GENOME_FASTA,GENOME_GFF,RNA_FASTA,CDS_FASTA,PROT_FASTA,SEQUENCE_REPORT&filename=GCA_963574105.1.zip"" -H ""Accept: application/zip"""
GCA_963573905.1,Scaffold,CAUYOK000000000,SAMEA112482845,Cercopithecidae,Presbytis comata,Presbytis,comata,,https://www.ncbi.nlm.nih.gov/datasets/genome/GCA_963573905.1,"curl -OJX GET ""https://api.ncbi.nlm.nih.gov/datasets/v2alpha/genome/accession/GCA_963573905.1/download?include_annotation_type=GENOME_FASTA,GENOME_GFF,RNA_FASTA,CDS_FASTA,PROT_FASTA,SEQUENCE_REPORT&filename=GCA_963573905.1.zip"" -H ""Accept: application/zip"""
GCA_963575215.1,Scaffold,CAUYTV000000000,SAMEA112482831,Cercopithecidae,Presbytis melalophos mitrata,Presbytis,melalophos,mitrata,https://www.ncbi.nlm.nih.gov/datasets/genome/GCA_963575215.1,"curl -OJX GET ""https://api.ncbi.nlm.nih.gov/datasets/v2alpha/genome/accession/GCA_963575215.1/download?include_annotation_type=GENOME_FASTA,GENOME_GFF,RNA_FASTA,CDS_FASTA,PROT_FASTA,SEQUENCE_REPORT&filename=GCA_963575215.1.zip"" -H ""Accept: application/zip"""
GCA_963574665.1,Scaffold,CAUYQY000000000,SAMEA112482925,Indriidae,Propithecus deckenii coronatus,Propithecus,deckenii,coronatus,https://www.ncbi.nlm.nih.gov/datasets/genome/GCA_963574665.1,"curl -OJX GET ""https://api.ncbi.nlm.nih.gov/datasets/v2alpha/genome/accession/GCA_963574665.1/download?include_annotation_type=GENOME_FASTA,GENOME_GFF,RNA_FASTA,CDS_FASTA,PROT_FASTA,SEQUENCE_REPORT&filename=GCA_963574665.1.zip"" -H ""Accept: application/zip"""
GCA_963575075.1,Scaffold,CAUYSO000000000,SAMEA112482926,Indriidae,Propithecus diadema,Propithecus,diadema,,https://www.ncbi.nlm.nih.gov/datasets/genome/GCA_963575075.1,"curl -OJX GET ""https://api.ncbi.nlm.nih.gov/datasets/v2alpha/genome/accession/GCA_963575075.1/download?include_annotation_type=GENOME_FASTA,GENOME_GFF,RNA_FASTA,CDS_FASTA,PROT_FASTA,SEQUENCE_REPORT&filename=GCA_963575075.1.zip"" -H ""Accept: application/zip"""
GCA_963575085.1,Scaffold,CAUYSL000000000,SAMEA112482927,Indriidae,Propithecus edwardsi,Propithecus,edwardsi,,https://www.ncbi.nlm.nih.gov/datasets/genome/GCA_963575085.1,"curl -OJX GET ""https://api.ncbi.nlm.nih.gov/datasets/v2alpha/genome/accession/GCA_963575085.1/download?include_annotation_type=GENOME_FASTA,GENOME_GFF,RNA_FASTA,CDS_FASTA,PROT_FASTA,SEQUENCE_REPORT&filename=GCA_963575085.1.zip"" -H ""Accept: application/zip"""
GCA_963574695.1,Scaffold,CAUYRB000000000,SAMEA112482928,Indriidae,Propithecus perrieri,Propithecus,perrieri,,https://www.ncbi.nlm.nih.gov/datasets/genome/GCA_963574695.1,"curl -OJX GET ""https://api.ncbi.nlm.nih.gov/datasets/v2alpha/genome/accession/GCA_963574695.1/download?include_annotation_type=GENOME_FASTA,GENOME_GFF,RNA_FASTA,CDS_FASTA,PROT_FASTA,SEQUENCE_REPORT&filename=GCA_963574695.1.zip"" -H ""Accept: application/zip"""
GCA_963574315.1,Scaffold,CAUYOC000000000,SAMEA112482929,Indriidae,Propithecus tattersalli,Propithecus,tattersalli,,https://www.ncbi.nlm.nih.gov/datasets/genome/GCA_963574315.1,"curl -OJX GET ""https://api.ncbi.nlm.nih.gov/datasets/v2alpha/genome/accession/GCA_963574315.1/download?include_annotation_type=GENOME_FASTA,GENOME_GFF,RNA_FASTA,CDS_FASTA,PROT_FASTA,SEQUENCE_REPORT&filename=GCA_963574315.1.zip"" -H ""Accept: application/zip"""
GCA_963575125.1,Scaffold,CAUYTA000000000,SAMEA112482930,Indriidae,Propithecus verreauxi,Propithecus,verreauxi,,https://www.ncbi.nlm.nih.gov/datasets/genome/GCA_963575125.1,"curl -OJX GET ""https://api.ncbi.nlm.nih.gov/datasets/v2alpha/genome/accession/GCA_963575125.1/download?include_annotation_type=GENOME_FASTA,GENOME_GFF,RNA_FASTA,CDS_FASTA,PROT_FASTA,SEQUENCE_REPORT&filename=GCA_963575125.1.zip"" -H ""Accept: application/zip"""
GCA_963574085.1,Scaffold,CAUYNW000000000,SAMEA112482881,Cercopithecidae,Pygathrix cinerea,Pygathrix,cinerea,,https://www.ncbi.nlm.nih.gov/datasets/genome/GCA_963574085.1,"curl -OJX GET ""https://api.ncbi.nlm.nih.gov/datasets/v2alpha/genome/accession/GCA_963574085.1/download?include_annotation_type=GENOME_FASTA,GENOME_GFF,RNA_FASTA,CDS_FASTA,PROT_FASTA,SEQUENCE_REPORT&filename=GCA_963574085.1.zip"" -H ""Accept: application/zip"""
GCA_963574055.1,Scaffold,CAUYOA000000000,SAMEA112482889,Cercopithecidae,Pygathrix nigripes,Pygathrix,nigripes,,https://www.ncbi.nlm.nih.gov/datasets/genome/GCA_963574055.1,"curl -OJX GET ""https://api.ncbi.nlm.nih.gov/datasets/v2alpha/genome/accession/GCA_963574055.1/download?include_annotation_type=GENOME_FASTA,GENOME_GFF,RNA_FASTA,CDS_FASTA,PROT_FASTA,SEQUENCE_REPORT&filename=GCA_963574055.1.zip"" -H ""Accept: application/zip"""
GCA_963573815.1,Scaffold,CAUYQC000000000,SAMN02786331,Cercopithecidae,Rhinopithecus bieti,Rhinopithecus,bieti,,https://www.ncbi.nlm.nih.gov/datasets/genome/GCA_963573815.1,"curl -OJX GET ""https://api.ncbi.nlm.nih.gov/datasets/v2alpha/genome/accession/GCA_963573815.1/download?include_annotation_type=GENOME_FASTA,GENOME_GFF,RNA_FASTA,CDS_FASTA,PROT_FASTA,SEQUENCE_REPORT&filename=GCA_963573815.1.zip"" -H ""Accept: application/zip"""
GCA_963574165.1,Scaffold,CAUYPI000000000,SAMEA14464527,Callitrichidae,Saguinus bicolor,Saguinus,bicolor,,https://www.ncbi.nlm.nih.gov/datasets/genome/GCA_963574165.1,"curl -OJX GET ""https://api.ncbi.nlm.nih.gov/datasets/v2alpha/genome/accession/GCA_963574165.1/download?include_annotation_type=GENOME_FASTA,GENOME_GFF,RNA_FASTA,CDS_FASTA,PROT_FASTA,SEQUENCE_REPORT&filename=GCA_963574165.1.zip"" -H ""Accept: application/zip"""
GCA_963574455.1,Scaffold,CAUYQB000000000,SAMEA14464520,Callitrichidae,Saguinus bicolor,Saguinus,bicolor,,https://www.ncbi.nlm.nih.gov/datasets/genome/GCA_963574455.1,"curl -OJX GET ""https://api.ncbi.nlm.nih.gov/datasets/v2alpha/genome/accession/GCA_963574455.1/download?include_annotation_type=GENOME_FASTA,GENOME_GFF,RNA_FASTA,CDS_FASTA,PROT_FASTA,SEQUENCE_REPORT&filename=GCA_963574455.1.zip"" -H ""Accept: application/zip"""
GCA_963574215.1,Scaffold,CAUYPA000000000,SAMEA14464521,Callitrichidae,Saguinus geoffroyi,Saguinus,geoffroyi,,https://www.ncbi.nlm.nih.gov/datasets/genome/GCA_963574215.1,"curl -OJX GET ""https://api.ncbi.nlm.nih.gov/datasets/v2alpha/genome/accession/GCA_963574215.1/download?include_annotation_type=GENOME_FASTA,GENOME_GFF,RNA_FASTA,CDS_FASTA,PROT_FASTA,SEQUENCE_REPORT&filename=GCA_963574215.1.zip"" -H ""Accept: application/zip"""
GCA_963574955.1,Scaffold,CAUYSQ000000000,SAMEA112482894,Callitrichidae,Saguinus imperator,Saguinus,imperator,,https://www.ncbi.nlm.nih.gov/datasets/genome/GCA_963574955.1,"curl -OJX GET ""https://api.ncbi.nlm.nih.gov/datasets/v2alpha/genome/accession/GCA_963574955.1/download?include_annotation_type=GENOME_FASTA,GENOME_GFF,RNA_FASTA,CDS_FASTA,PROT_FASTA,SEQUENCE_REPORT&filename=GCA_963574955.1.zip"" -H ""Accept: application/zip"""
GCA_963574735.1,Scaffold,CAUYRP000000000,SAMEA14464522,Callitrichidae,Saguinus inustus,Saguinus,inustus,,https://www.ncbi.nlm.nih.gov/datasets/genome/GCA_963574735.1,"curl -OJX GET ""https://api.ncbi.nlm.nih.gov/datasets/v2alpha/genome/accession/GCA_963574735.1/download?include_annotation_type=GENOME_FASTA,GENOME_GFF,RNA_FASTA,CDS_FASTA,PROT_FASTA,SEQUENCE_REPORT&filename=GCA_963574735.1.zip"" -H ""Accept: application/zip"""
GCA_963575005.1,Scaffold,CAUYSR000000000,SAMEA112482895,Callitrichidae,Saguinus labiatus,Saguinus,labiatus,,https://www.ncbi.nlm.nih.gov/datasets/genome/GCA_963575005.1,"curl -OJX GET ""https://api.ncbi.nlm.nih.gov/datasets/v2alpha/genome/accession/GCA_963575005.1/download?include_annotation_type=GENOME_FASTA,GENOME_GFF,RNA_FASTA,CDS_FASTA,PROT_FASTA,SEQUENCE_REPORT&filename=GCA_963575005.1.zip"" -H ""Accept: application/zip"""
GCA_963574345.1,Scaffold,CAUYPU000000000,SAMEA14464526,Callitrichidae,Saguinus mystax,Saguinus,mystax,,https://www.ncbi.nlm.nih.gov/datasets/genome/GCA_963574345.1,"curl -OJX GET ""https://api.ncbi.nlm.nih.gov/datasets/v2alpha/genome/accession/GCA_963574345.1/download?include_annotation_type=GENOME_FASTA,GENOME_GFF,RNA_FASTA,CDS_FASTA,PROT_FASTA,SEQUENCE_REPORT&filename=GCA_963574345.1.zip"" -H ""Accept: application/zip"""
GCA_963574915.1,Scaffold,CAUYSM000000000,SAMEA112482897,Callitrichidae,Saguinus oedipus,Saguinus,oedipus,,https://www.ncbi.nlm.nih.gov/datasets/genome/GCA_963574915.1,"curl -OJX GET ""https://api.ncbi.nlm.nih.gov/datasets/v2alpha/genome/accession/GCA_963574915.1/download?include_annotation_type=GENOME_FASTA,GENOME_GFF,RNA_FASTA,CDS_FASTA,PROT_FASTA,SEQUENCE_REPORT&filename=GCA_963574915.1.zip"" -H ""Accept: application/zip"""
GCA_963573395.1,Scaffold,CAUYOD000000000,SAMEA14464529,Cebidae,Saimiri cassiquiarensis,Saimiri,cassiquiarensis,,https://www.ncbi.nlm.nih.gov/datasets/genome/GCA_963573395.1,"curl -OJX GET ""https://api.ncbi.nlm.nih.gov/datasets/v2alpha/genome/accession/GCA_963573395.1/download?include_annotation_type=GENOME_FASTA,GENOME_GFF,RNA_FASTA,CDS_FASTA,PROT_FASTA,SEQUENCE_REPORT&filename=GCA_963573395.1.zip"" -H ""Accept: application/zip"""
GCA_963573505.1,Scaffold,CAUYOI000000000,SAMEA14464538,Cebidae,Saimiri macrodon,Saimiri,macrodon,,https://www.ncbi.nlm.nih.gov/datasets/genome/GCA_963573505.1,"curl -OJX GET ""https://api.ncbi.nlm.nih.gov/datasets/v2alpha/genome/accession/GCA_963573505.1/download?include_annotation_type=GENOME_FASTA,GENOME_GFF,RNA_FASTA,CDS_FASTA,PROT_FASTA,SEQUENCE_REPORT&filename=GCA_963573505.1.zip"" -H ""Accept: application/zip"""
GCA_963574195.1,Scaffold,CAUYPC000000000,SAMEA14464541,Cebidae,Saimiri oerstedii,Saimiri,oerstedii,,https://www.ncbi.nlm.nih.gov/datasets/genome/GCA_963574195.1,"curl -OJX GET ""https://api.ncbi.nlm.nih.gov/datasets/v2alpha/genome/accession/GCA_963574195.1/download?include_annotation_type=GENOME_FASTA,GENOME_GFF,RNA_FASTA,CDS_FASTA,PROT_FASTA,SEQUENCE_REPORT&filename=GCA_963574195.1.zip"" -H ""Accept: application/zip"""
GCA_963573345.1,Scaffold,CAUYNK000000000,SAMEA14464542,Cebidae,Saimiri sciureus,Saimiri,sciureus,,https://www.ncbi.nlm.nih.gov/datasets/genome/GCA_963573345.1,"curl -OJX GET ""https://api.ncbi.nlm.nih.gov/datasets/v2alpha/genome/accession/GCA_963573345.1/download?include_annotation_type=GENOME_FASTA,GENOME_GFF,RNA_FASTA,CDS_FASTA,PROT_FASTA,SEQUENCE_REPORT&filename=GCA_963573345.1.zip"" -H ""Accept: application/zip"""
GCA_963574015.1,Scaffold,CAUYOB000000000,SAMEA14464544,Cebidae,Saimiri ustus,Saimiri,ustus,,https://www.ncbi.nlm.nih.gov/datasets/genome/GCA_963574015.1,"curl -OJX GET ""https://api.ncbi.nlm.nih.gov/datasets/v2alpha/genome/accession/GCA_963574015.1/download?include_annotation_type=GENOME_FASTA,GENOME_GFF,RNA_FASTA,CDS_FASTA,PROT_FASTA,SEQUENCE_REPORT&filename=GCA_963574015.1.zip"" -H ""Accept: application/zip"""
GCA_963574755.1,Scaffold,CAUYRN000000000,SAMEA14464557,Cebidae,Sapajus apella macrocephalus,Sapajus,apella,macrocephalus,https://www.ncbi.nlm.nih.gov/datasets/genome/GCA_963574755.1,"curl -OJX GET ""https://api.ncbi.nlm.nih.gov/datasets/v2alpha/genome/accession/GCA_963574755.1/download?include_annotation_type=GENOME_FASTA,GENOME_GFF,RNA_FASTA,CDS_FASTA,PROT_FASTA,SEQUENCE_REPORT&filename=GCA_963574755.1.zip"" -H ""Accept: application/zip"""
GCA_963573915.1,Scaffold,CAUYOJ000000000,SAMEA112482877,Cercopithecidae,Semnopithecus entellus,Semnopithecus,entellus,,https://www.ncbi.nlm.nih.gov/datasets/genome/GCA_963573915.1,"curl -OJX GET ""https://api.ncbi.nlm.nih.gov/datasets/v2alpha/genome/accession/GCA_963573915.1/download?include_annotation_type=GENOME_FASTA,GENOME_GFF,RNA_FASTA,CDS_FASTA,PROT_FASTA,SEQUENCE_REPORT&filename=GCA_963573915.1.zip"" -H ""Accept: application/zip"""
GCA_963573665.1,Scaffold,CAUYNQ000000000,SAMEA112483118,Cercopithecidae,Semnopithecus hypoleucos,Semnopithecus,hypoleucos,,https://www.ncbi.nlm.nih.gov/datasets/genome/GCA_963573665.1,"curl -OJX GET ""https://api.ncbi.nlm.nih.gov/datasets/v2alpha/genome/accession/GCA_963573665.1/download?include_annotation_type=GENOME_FASTA,GENOME_GFF,RNA_FASTA,CDS_FASTA,PROT_FASTA,SEQUENCE_REPORT&filename=GCA_963573665.1.zip"" -H ""Accept: application/zip"""
GCA_963574295.1,Scaffold,CAUYPN000000000,SAMEA112482875,Cercopithecidae,Semnopithecus priam,Semnopithecus,priam,,https://www.ncbi.nlm.nih.gov/datasets/genome/GCA_963574295.1,"curl -OJX GET ""https://api.ncbi.nlm.nih.gov/datasets/v2alpha/genome/accession/GCA_963574295.1/download?include_annotation_type=GENOME_FASTA,GENOME_GFF,RNA_FASTA,CDS_FASTA,PROT_FASTA,SEQUENCE_REPORT&filename=GCA_963574295.1.zip"" -H ""Accept: application/zip"""
GCA_963574385.1,Scaffold,CAUYPV000000000,SAMEA112483122,Cercopithecidae,Semnopithecus schistaceus,Semnopithecus,schistaceus,,https://www.ncbi.nlm.nih.gov/datasets/genome/GCA_963574385.1,"curl -OJX GET ""https://api.ncbi.nlm.nih.gov/datasets/v2alpha/genome/accession/GCA_963574385.1/download?include_annotation_type=GENOME_FASTA,GENOME_GFF,RNA_FASTA,CDS_FASTA,PROT_FASTA,SEQUENCE_REPORT&filename=GCA_963574385.1.zip"" -H ""Accept: application/zip"""
GCA_963574405.1,Scaffold,CAUYQD000000000,SAMEA112483041,Tarsiidae,Tarsius lariang,Tarsius,lariang,,https://www.ncbi.nlm.nih.gov/datasets/genome/GCA_963574405.1,"curl -OJX GET ""https://api.ncbi.nlm.nih.gov/datasets/v2alpha/genome/accession/GCA_963574405.1/download?include_annotation_type=GENOME_FASTA,GENOME_GFF,RNA_FASTA,CDS_FASTA,PROT_FASTA,SEQUENCE_REPORT&filename=GCA_963574405.1.zip"" -H ""Accept: application/zip"""
GCA_963574415.1,Scaffold,CAUYQG000000000,SAMEA112483042,Tarsiidae,Tarsius wallacei,Tarsius,wallacei,,https://www.ncbi.nlm.nih.gov/datasets/genome/GCA_963574415.1,"curl -OJX GET ""https://api.ncbi.nlm.nih.gov/datasets/v2alpha/genome/accession/GCA_963574415.1/download?include_annotation_type=GENOME_FASTA,GENOME_GFF,RNA_FASTA,CDS_FASTA,PROT_FASTA,SEQUENCE_REPORT&filename=GCA_963574415.1.zip"" -H ""Accept: application/zip"""
GCA_963574155.1,Scaffold,CAUYPD000000000,SAMEA112482846,Cercopithecidae,Trachypithecus auratus,Trachypithecus,auratus,,https://www.ncbi.nlm.nih.gov/datasets/genome/GCA_963574155.1,"curl -OJX GET ""https://api.ncbi.nlm.nih.gov/datasets/v2alpha/genome/accession/GCA_963574155.1/download?include_annotation_type=GENOME_FASTA,GENOME_GFF,RNA_FASTA,CDS_FASTA,PROT_FASTA,SEQUENCE_REPORT&filename=GCA_963574155.1.zip"" -H ""Accept: application/zip"""
GCA_963574045.1,Scaffold,CAUYOG000000000,SAMEA112482876,Cercopithecidae,Trachypithecus cristatus,Trachypithecus,cristatus,,https://www.ncbi.nlm.nih.gov/datasets/genome/GCA_963574045.1,"curl -OJX GET ""https://api.ncbi.nlm.nih.gov/datasets/v2alpha/genome/accession/GCA_963574045.1/download?include_annotation_type=GENOME_FASTA,GENOME_GFF,RNA_FASTA,CDS_FASTA,PROT_FASTA,SEQUENCE_REPORT&filename=GCA_963574045.1.zip"" -H ""Accept: application/zip"""
GCA_963574775.1,Scaffold,CAUYRV000000000,SAMEA112482847,Cercopithecidae,Trachypithecus francoisi,Trachypithecus,francoisi,,https://www.ncbi.nlm.nih.gov/datasets/genome/GCA_963574775.1,"curl -OJX GET ""https://api.ncbi.nlm.nih.gov/datasets/v2alpha/genome/accession/GCA_963574775.1/download?include_annotation_type=GENOME_FASTA,GENOME_GFF,RNA_FASTA,CDS_FASTA,PROT_FASTA,SEQUENCE_REPORT&filename=GCA_963574775.1.zip"" -H ""Accept: application/zip"""
GCA_963573545.1,Scaffold,CAUYNV000000000,SAMEA112483124,Cercopithecidae,Trachypithecus geei,Trachypithecus,geei,,https://www.ncbi.nlm.nih.gov/datasets/genome/GCA_963573545.1,"curl -OJX GET ""https://api.ncbi.nlm.nih.gov/datasets/v2alpha/genome/accession/GCA_963573545.1/download?include_annotation_type=GENOME_FASTA,GENOME_GFF,RNA_FASTA,CDS_FASTA,PROT_FASTA,SEQUENCE_REPORT&filename=GCA_963573545.1.zip"" -H ""Accept: application/zip"""
GCA_963573455.1,Scaffold,CAUYOH000000000,SAMN09935379,Cercopithecidae,Trachypithecus germaini,Trachypithecus,germaini,,https://www.ncbi.nlm.nih.gov/datasets/genome/GCA_963573455.1,"curl -OJX GET ""https://api.ncbi.nlm.nih.gov/datasets/v2alpha/genome/accession/GCA_963573455.1/download?include_annotation_type=GENOME_FASTA,GENOME_GFF,RNA_FASTA,CDS_FASTA,PROT_FASTA,SEQUENCE_REPORT&filename=GCA_963573455.1.zip"" -H ""Accept: application/zip"""
GCA_963573355.1,Scaffold,CAUYOF000000000,SAMN09935380,Cercopithecidae,Trachypithecus hatinhensis,Trachypithecus,hatinhensis,,https://www.ncbi.nlm.nih.gov/datasets/genome/GCA_963573355.1,"curl -OJX GET ""https://api.ncbi.nlm.nih.gov/datasets/v2alpha/genome/accession/GCA_963573355.1/download?include_annotation_type=GENOME_FASTA,GENOME_GFF,RNA_FASTA,CDS_FASTA,PROT_FASTA,SEQUENCE_REPORT&filename=GCA_963573355.1.zip"" -H ""Accept: application/zip"""
GCA_963574185.1,Scaffold,CAUYPG000000000,SAMEA112482858,Cercopithecidae,Trachypithecus johnii,Trachypithecus,johnii,,https://www.ncbi.nlm.nih.gov/datasets/genome/GCA_963574185.1,"curl -OJX GET ""https://api.ncbi.nlm.nih.gov/datasets/v2alpha/genome/accession/GCA_963574185.1/download?include_annotation_type=GENOME_FASTA,GENOME_GFF,RNA_FASTA,CDS_FASTA,PROT_FASTA,SEQUENCE_REPORT&filename=GCA_963574185.1.zip"" -H ""Accept: application/zip"""
GCA_963573585.1,Scaffold,CAUYNP000000000,SAMN12631734,Cercopithecidae,Trachypithecus laotum,Trachypithecus,laotum,,https://www.ncbi.nlm.nih.gov/datasets/genome/GCA_963573585.1,"curl -OJX GET ""https://api.ncbi.nlm.nih.gov/datasets/v2alpha/genome/accession/GCA_963573585.1/download?include_annotation_type=GENOME_FASTA,GENOME_GFF,RNA_FASTA,CDS_FASTA,PROT_FASTA,SEQUENCE_REPORT&filename=GCA_963573585.1.zip"" -H ""Accept: application/zip"""
GCA_963574075.1,Scaffold,CAUYOO000000000,SAMEA112482857,Cercopithecidae,Trachypithecus obscurus,Trachypithecus,obscurus,,https://www.ncbi.nlm.nih.gov/datasets/genome/GCA_963574075.1,"curl -OJX GET ""https://api.ncbi.nlm.nih.gov/datasets/v2alpha/genome/accession/GCA_963574075.1/download?include_annotation_type=GENOME_FASTA,GENOME_GFF,RNA_FASTA,CDS_FASTA,PROT_FASTA,SEQUENCE_REPORT&filename=GCA_963574075.1.zip"" -H ""Accept: application/zip"""
GCA_963574125.1,Scaffold,CAUYOV000000000,SAMEA112482841,Cercopithecidae,Trachypithecus phayrei crepuscula,Trachypithecus,phayrei,crepuscula,https://www.ncbi.nlm.nih.gov/datasets/genome/GCA_963574125.1,"curl -OJX GET ""https://api.ncbi.nlm.nih.gov/datasets/v2alpha/genome/accession/GCA_963574125.1/download?include_annotation_type=GENOME_FASTA,GENOME_GFF,RNA_FASTA,CDS_FASTA,PROT_FASTA,SEQUENCE_REPORT&filename=GCA_963574125.1.zip"" -H ""Accept: application/zip"""
GCA_963573535.1,Scaffold,CAUYQF000000000,SAMN10030725,Cercopithecidae,Trachypithecus phayrei,Trachypithecus,phayrei,,https://www.ncbi.nlm.nih.gov/datasets/genome/GCA_963573535.1,"curl -OJX GET ""https://api.ncbi.nlm.nih.gov/datasets/v2alpha/genome/accession/GCA_963573535.1/download?include_annotation_type=GENOME_FASTA,GENOME_GFF,RNA_FASTA,CDS_FASTA,PROT_FASTA,SEQUENCE_REPORT&filename=GCA_963573535.1.zip"" -H ""Accept: application/zip"""
GCA_963573805.1,Scaffold,CAUYOM000000000,SAMEA112483132,Cercopithecidae,Trachypithecus pileatus,Trachypithecus,pileatus,,https://www.ncbi.nlm.nih.gov/datasets/genome/GCA_963573805.1,"curl -OJX GET ""https://api.ncbi.nlm.nih.gov/datasets/v2alpha/genome/accession/GCA_963573805.1/download?include_annotation_type=GENOME_FASTA,GENOME_GFF,RNA_FASTA,CDS_FASTA,PROT_FASTA,SEQUENCE_REPORT&filename=GCA_963573805.1.zip"" -H ""Accept: application/zip"""
GCA_963573475.1,Scaffold,CAUYPM000000000,SAMN09935392,Cercopithecidae,Trachypithecus poliocephalus,Trachypithecus,poliocephalus,,https://www.ncbi.nlm.nih.gov/datasets/genome/GCA_963573475.1,"curl -OJX GET ""https://api.ncbi.nlm.nih.gov/datasets/v2alpha/genome/accession/GCA_963573475.1/download?include_annotation_type=GENOME_FASTA,GENOME_GFF,RNA_FASTA,CDS_FASTA,PROT_FASTA,SEQUENCE_REPORT&filename=GCA_963573475.1.zip"" -H ""Accept: application/zip"""
GCA_963574985.1,Scaffold,CAUYST000000000,SAMEA112482856,Cercopithecidae,Trachypithecus vetulus,Trachypithecus,vetulus,,https://www.ncbi.nlm.nih.gov/datasets/genome/GCA_963574985.1,"curl -OJX GET ""https://api.ncbi.nlm.nih.gov/datasets/v2alpha/genome/accession/GCA_963574985.1/download?include_annotation_type=GENOME_FASTA,GENOME_GFF,RNA_FASTA,CDS_FASTA,PROT_FASTA,SEQUENCE_REPORT&filename=GCA_963574985.1.zip"" -H ""Accept: application/zip"""
GCA_963573675.1,Scaffold,CAUYLW000000000,SAMEA112483133,Lemuridae,Varecia rubra,Varecia,rubra,,https://www.ncbi.nlm.nih.gov/datasets/genome/GCA_963573675.1,"curl -OJX GET ""https://api.ncbi.nlm.nih.gov/datasets/v2alpha/genome/accession/GCA_963573675.1/download?include_annotation_type=GENOME_FASTA,GENOME_GFF,RNA_FASTA,CDS_FASTA,PROT_FASTA,SEQUENCE_REPORT&filename=GCA_963573675.1.zip"" -H ""Accept: application/zip"""
GCA_963574595.1,Scaffold,CAUYQR000000000,SAMEA112483150,Lemuridae,Varecia variegata,Varecia,variegata,,https://www.ncbi.nlm.nih.gov/datasets/genome/GCA_963574595.1,"curl -OJX GET ""https://api.ncbi.nlm.nih.gov/datasets/v2alpha/genome/accession/GCA_963574595.1/download?include_annotation_type=GENOME_FASTA,GENOME_GFF,RNA_FASTA,CDS_FASTA,PROT_FASTA,SEQUENCE_REPORT&filename=GCA_963574595.1.zip"" -H ""Accept: application/zip"""